"FullName","Length","CreationTimeUtc","LastWriteTimeUtc"
"C:\CodexWork\kalm-recovery\BRAND_ASSET_MAP.md","4109","2026/07/11 19:45:29","2026/07/11 19:45:29"
"C:\CodexWork\kalm-recovery\IMAGE_ASSET_INDEX.md","2009","2026/07/11 19:45:29","2026/07/11 19:45:29"
"C:\CodexWork\kalm-recovery\KALM_MOVE_IMAGE_REBUILD_AUDIT.md","10951","2026/07/11 19:45:29","2026/07/11 19:45:29"
"C:\CodexWork\kalm-recovery\MODEL_DIVERSITY_AUDIT.md","21321","2026/07/11 19:45:29","2026/07/11 19:45:29"
"C:\CodexWork\kalm-recovery\OUTDOOR_CHANGELOG.md","1351","2026/07/11 19:45:29","2026/07/11 19:45:29"
"C:\CodexWork\kalm-recovery\OUTDOOR_IMAGE_ASSET_INDEX.md","2362","2026/07/11 19:45:29","2026/07/11 19:45:29"
"C:\CodexWork\kalm-recovery\OUTDOOR_NEXT_STEPS.md","1192","2026/07/11 19:45:29","2026/07/11 19:45:29"
"C:\CodexWork\kalm-recovery\OUTDOOR_PRODUCT_SOURCE_AUDIT.md","2323","2026/07/11 19:45:29","2026/07/11 19:45:29"
"C:\CodexWork\kalm-recovery\PRODUCT_IMAGE_QA_AUDIT.md","24626","2026/07/11 19:45:29","2026/07/11 19:45:29"
"C:\CodexWork\kalm-recovery\assets\branding\kalm-outdoor\kalm-outdoor-logo.png","742174","2026/07/11 19:45:29","2026/07/11 19:45:29"
"C:\CodexWork\kalm-recovery\assets\images\bra-lifestyle.webp","158668","2026/07/11 19:45:29","2026/07/11 19:45:29"
"C:\CodexWork\kalm-recovery\assets\images\campaign-hero.webp","265534","2026/07/11 19:45:29","2026/07/11 19:45:29"
"C:\CodexWork\kalm-recovery\assets\images\full-outfit-lifestyle-shop.webp","161360","2026/07/11 19:45:29","2026/07/11 19:45:29"
"C:\CodexWork\kalm-recovery\assets\images\legging-bra-lifestyle.webp","95438","2026/07/11 19:45:29","2026/07/11 19:45:29"
"C:\CodexWork\kalm-recovery\assets\images\legging-lifestyle.webp","222426","2026/07/11 19:45:29","2026/07/11 19:45:29"
"C:\CodexWork\kalm-recovery\assets\images\legging-tee-lifestyle.webp","170332","2026/07/11 19:45:29","2026/07/11 19:45:29"
"C:\CodexWork\kalm-recovery\assets\images\starter-lifestyle.webp","195544","2026/07/11 19:45:30","2026/07/11 19:45:30"
"C:\CodexWork\kalm-recovery\assets\images\tee-lifestyle.webp","221854","2026/07/11 19:45:30","2026/07/11 19:45:30"
"C:\CodexWork\kalm-recovery\assets\images\generated\brand-tiles\kalm-home-tile.webp","99828","2026/07/11 19:45:29","2026/07/11 19:45:29"
"C:\CodexWork\kalm-recovery\assets\images\generated\brand-tiles\kalm-move-tile.webp","50286","2026/07/11 19:45:29","2026/07/11 19:45:29"
"C:\CodexWork\kalm-recovery\assets\images\generated\brand-tiles\kalm-outdoor-tile.webp","105908","2026/07/11 19:45:29","2026/07/11 19:45:29"
"C:\CodexWork\kalm-recovery\assets\images\generated\brand-tiles\kalm-wellness-tile.webp","61040","2026/07/11 19:45:29","2026/07/11 19:45:29"
"C:\CodexWork\kalm-recovery\assets\images\generated\kalm-move\everyday-movement-legging.webp","14608","2026/07/11 19:45:29","2026/07/11 19:45:29"
"C:\CodexWork\kalm-recovery\assets\images\generated\kalm-outdoor\canvas-utility-tote.webp","81582","2026/07/11 19:45:29","2026/07/11 19:45:29"
"C:\CodexWork\kalm-recovery\assets\images\generated\kalm-outdoor\insulated-carafe-and-tumbler.webp","72390","2026/07/11 19:45:29","2026/07/11 19:45:29"
"C:\CodexWork\kalm-recovery\assets\images\generated\kalm-outdoor\matte-camp-lantern.webp","56456","2026/07/11 19:45:29","2026/07/11 19:45:29"
"C:\CodexWork\kalm-recovery\assets\images\generated\kalm-outdoor\patio-cushion-pair.webp","112218","2026/07/11 19:45:29","2026/07/11 19:45:29"
"C:\CodexWork\kalm-recovery\assets\images\generated\kalm-outdoor\weather-ready-picnic-blanket.webp","124402","2026/07/11 19:45:29","2026/07/11 19:45:29"
"C:\CodexWork\kalm-recovery\assets\images\products\kalm-move\kalm-move-everyday-movement-legging-black.webp","14608","2026/07/11 19:45:29","2026/07/11 19:45:29"
"C:\CodexWork\kalm-recovery\assets\images\products\kalm-move\kalm-move-everyday-movement-legging-main.webp","14608","2026/07/11 19:45:29","2026/07/11 19:45:29"
"C:\CodexWork\kalm-recovery\assets\images\products\kalm-move\men\base-compression-short\black\movement.webp","30152","2026/07/11 19:45:29","2026/07/11 19:45:29"
"C:\CodexWork\kalm-recovery\assets\images\products\kalm-move\men\base-compression-short\charcoal\movement.webp","30374","2026/07/11 19:45:29","2026/07/11 19:45:29"
"C:\CodexWork\kalm-recovery\assets\images\products\kalm-move\men\base-compression-short\navy\movement.webp","30430","2026/07/11 19:45:29","2026/07/11 19:45:29"
"C:\CodexWork\kalm-recovery\assets\images\products\kalm-move\men\core-performance-tee\black\movement.webp","21278","2026/07/11 19:45:29","2026/07/11 19:45:29"
"C:\CodexWork\kalm-recovery\assets\images\products\kalm-move\men\core-performance-tee\charcoal\movement.webp","22686","2026/07/11 19:45:29","2026/07/11 19:45:29"
"C:\CodexWork\kalm-recovery\assets\images\products\kalm-move\men\core-performance-tee\navy\movement.webp","22728","2026/07/11 19:45:29","2026/07/11 19:45:29"
"C:\CodexWork\kalm-recovery\assets\images\products\kalm-move\men\core-performance-tee\olive\movement.webp","23962","2026/07/11 19:45:29","2026/07/11 19:45:29"
"C:\CodexWork\kalm-recovery\assets\images\products\kalm-move\men\core-performance-tee\white\movement.webp","24940","2026/07/11 19:45:29","2026/07/11 19:45:29"
"C:\CodexWork\kalm-recovery\assets\images\products\kalm-move\men\flow-training-short\black\movement.webp","27400","2026/07/11 19:45:29","2026/07/11 19:45:29"
"C:\CodexWork\kalm-recovery\assets\images\products\kalm-move\men\flow-training-short\charcoal\movement.webp","27282","2026/07/11 19:45:29","2026/07/11 19:45:29"
"C:\CodexWork\kalm-recovery\assets\images\products\kalm-move\men\flow-training-short\navy\movement.webp","26926","2026/07/11 19:45:29","2026/07/11 19:45:29"
"C:\CodexWork\kalm-recovery\assets\images\products\kalm-move\men\flow-training-short\olive\movement.webp","28484","2026/07/11 19:45:29","2026/07/11 19:45:29"
"C:\CodexWork\kalm-recovery\assets\images\products\kalm-move\men\lift-tank\black\movement.webp","30236","2026/07/11 19:45:29","2026/07/11 19:45:29"
"C:\CodexWork\kalm-recovery\assets\images\products\kalm-move\men\lift-tank\charcoal\movement.webp","31234","2026/07/11 19:45:29","2026/07/11 19:45:29"
"C:\CodexWork\kalm-recovery\assets\images\products\kalm-move\men\lift-tank\navy\movement.webp","31094","2026/07/11 19:45:29","2026/07/11 19:45:29"
"C:\CodexWork\kalm-recovery\assets\images\products\kalm-move\men\lift-tank\white\movement.webp","27972","2026/07/11 19:45:29","2026/07/11 19:45:29"
"C:\CodexWork\kalm-recovery\assets\images\products\kalm-move\men\motion-hoodie\black\movement.webp","27992","2026/07/11 19:45:29","2026/07/11 19:45:29"
"C:\CodexWork\kalm-recovery\assets\images\products\kalm-move\men\motion-hoodie\charcoal\movement.webp","32374","2026/07/11 19:45:29","2026/07/11 19:45:29"
"C:\CodexWork\kalm-recovery\assets\images\products\kalm-move\men\motion-hoodie\navy\movement.webp","28798","2026/07/11 19:45:29","2026/07/11 19:45:29"
"C:\CodexWork\kalm-recovery\assets\images\products\kalm-move\men\motion-hoodie\olive\movement.webp","26812","2026/07/11 19:45:29","2026/07/11 19:45:29"
"C:\CodexWork\kalm-recovery\assets\images\products\kalm-move\men\motion-hoodie\stone\movement.webp","30086","2026/07/11 19:45:29","2026/07/11 19:45:29"
"C:\CodexWork\kalm-recovery\assets\images\products\kalm-move\men\move-cap\black\movement.webp","37526","2026/07/11 19:45:29","2026/07/11 19:45:29"
"C:\CodexWork\kalm-recovery\assets\images\products\kalm-move\men\move-cap\charcoal\movement.webp","38560","2026/07/11 19:45:29","2026/07/11 19:45:29"
"C:\CodexWork\kalm-recovery\assets\images\products\kalm-move\men\move-cap\navy\movement.webp","35290","2026/07/11 19:45:29","2026/07/11 19:45:29"
"C:\CodexWork\kalm-recovery\assets\images\products\kalm-move\men\move-cap\olive\movement.webp","40328","2026/07/11 19:45:29","2026/07/11 19:45:29"
"C:\CodexWork\kalm-recovery\assets\images\products\kalm-move\men\move-cap\white\movement.webp","36034","2026/07/11 19:45:29","2026/07/11 19:45:29"
"C:\CodexWork\kalm-recovery\assets\images\products\kalm-move\men\pace-jogger\black\movement.webp","21684","2026/07/11 19:45:29","2026/07/11 19:45:29"
"C:\CodexWork\kalm-recovery\assets\images\products\kalm-move\men\pace-jogger\charcoal\movement.webp","23030","2026/07/11 19:45:29","2026/07/11 19:45:29"
"C:\CodexWork\kalm-recovery\assets\images\products\kalm-move\men\pace-jogger\navy\movement.webp","22932","2026/07/11 19:45:29","2026/07/11 19:45:29"
"C:\CodexWork\kalm-recovery\assets\images\products\kalm-move\men\pace-jogger\olive\movement.webp","23968","2026/07/11 19:45:29","2026/07/11 19:45:29"
"C:\CodexWork\kalm-recovery\assets\images\products\kalm-move\men\pace-jogger\stone\movement.webp","26084","2026/07/11 19:45:29","2026/07/11 19:45:29"
"C:\CodexWork\kalm-recovery\assets\images\products\kalm-move\men\protein-shaker-bottle\black\movement.webp","54516","2026/07/11 19:45:29","2026/07/11 19:45:29"
"C:\CodexWork\kalm-recovery\assets\images\products\kalm-move\men\protein-shaker-bottle\charcoal\movement.webp","54558","2026/07/11 19:45:29","2026/07/11 19:45:29"
"C:\CodexWork\kalm-recovery\assets\images\products\kalm-move\men\protein-shaker-bottle\navy\movement.webp","55184","2026/07/11 19:45:29","2026/07/11 19:45:29"
"C:\CodexWork\kalm-recovery\assets\images\products\kalm-move\men\protein-shaker-bottle\smoke-grey\movement.webp","57370","2026/07/11 19:45:29","2026/07/11 19:45:29"
"C:\CodexWork\kalm-recovery\assets\images\products\kalm-move\men\sprint-running-short\black\movement.webp","28388","2026/07/11 19:45:29","2026/07/11 19:45:29"
"C:\CodexWork\kalm-recovery\assets\images\products\kalm-move\men\sprint-running-short\charcoal\movement.webp","28196","2026/07/11 19:45:29","2026/07/11 19:45:29"
"C:\CodexWork\kalm-recovery\assets\images\products\kalm-move\men\sprint-running-short\cobalt\movement.webp","29414","2026/07/11 19:45:29","2026/07/11 19:45:29"
"C:\CodexWork\kalm-recovery\assets\images\products\kalm-move\men\sprint-running-short\navy\movement.webp","27856","2026/07/11 19:45:29","2026/07/11 19:45:29"
"C:\CodexWork\kalm-recovery\assets\images\products\kalm-move\men\training-sock-3-pack\black-pack\movement.webp","41942","2026/07/11 19:45:29","2026/07/11 19:45:29"
"C:\CodexWork\kalm-recovery\assets\images\products\kalm-move\men\training-sock-3-pack\mixed-neutral-pack\movement.webp","52052","2026/07/11 19:45:29","2026/07/11 19:45:29"
"C:\CodexWork\kalm-recovery\assets\images\products\kalm-move\men\training-sock-3-pack\white-pack\movement.webp","53940","2026/07/11 19:45:29","2026/07/11 19:45:29"
"C:\CodexWork\kalm-recovery\assets\images\products\kalm-move\men\utility-gym-bag\black\movement.webp","29596","2026/07/11 19:45:29","2026/07/11 19:45:29"
"C:\CodexWork\kalm-recovery\assets\images\products\kalm-move\men\utility-gym-bag\charcoal\movement.webp","31210","2026/07/11 19:45:29","2026/07/11 19:45:29"
"C:\CodexWork\kalm-recovery\assets\images\products\kalm-move\men\utility-gym-bag\navy\movement.webp","28956","2026/07/11 19:45:29","2026/07/11 19:45:29"
"C:\CodexWork\kalm-recovery\assets\images\products\kalm-move\men\utility-gym-bag\olive\movement.webp","33588","2026/07/11 19:45:29","2026/07/11 19:45:29"
"C:\CodexWork\kalm-recovery\assets\images\products\kalm-move\men-recovery-v2\base-compression-short\black\movement.webp","30152","2026/07/12 05:54:50","2026/07/09 20:27:48"
"C:\CodexWork\kalm-recovery\assets\images\products\kalm-move\men-recovery-v2\base-compression-short\charcoal\movement.webp","30374","2026/07/12 05:54:50","2026/07/09 20:27:48"
"C:\CodexWork\kalm-recovery\assets\images\products\kalm-move\men-recovery-v2\base-compression-short\navy\movement.webp","30430","2026/07/12 05:54:50","2026/07/09 20:27:48"
"C:\CodexWork\kalm-recovery\assets\images\products\kalm-move\men-recovery-v2\core-performance-tee\black\movement.webp","21278","2026/07/12 05:54:50","2026/07/09 20:27:48"
"C:\CodexWork\kalm-recovery\assets\images\products\kalm-move\men-recovery-v2\core-performance-tee\charcoal\movement.webp","22686","2026/07/12 05:54:50","2026/07/09 20:27:48"
"C:\CodexWork\kalm-recovery\assets\images\products\kalm-move\men-recovery-v2\core-performance-tee\navy\movement.webp","22728","2026/07/12 05:54:50","2026/07/09 20:27:48"
"C:\CodexWork\kalm-recovery\assets\images\products\kalm-move\men-recovery-v2\core-performance-tee\olive\movement.webp","23962","2026/07/12 05:54:50","2026/07/09 20:27:48"
"C:\CodexWork\kalm-recovery\assets\images\products\kalm-move\men-recovery-v2\core-performance-tee\white\movement.webp","24940","2026/07/12 05:54:50","2026/07/09 20:27:48"
"C:\CodexWork\kalm-recovery\assets\images\products\kalm-move\men-recovery-v2\flow-training-short\black\movement.webp","27400","2026/07/12 05:54:50","2026/07/09 20:27:48"
"C:\CodexWork\kalm-recovery\assets\images\products\kalm-move\men-recovery-v2\flow-training-short\charcoal\movement.webp","27282","2026/07/12 05:54:50","2026/07/09 20:27:48"
"C:\CodexWork\kalm-recovery\assets\images\products\kalm-move\men-recovery-v2\flow-training-short\navy\movement.webp","26926","2026/07/12 05:54:50","2026/07/09 20:27:48"
"C:\CodexWork\kalm-recovery\assets\images\products\kalm-move\men-recovery-v2\flow-training-short\olive\movement.webp","28484","2026/07/12 05:54:50","2026/07/09 20:27:48"
"C:\CodexWork\kalm-recovery\assets\images\products\kalm-move\men-recovery-v2\lift-tank\black\movement.webp","30236","2026/07/12 05:54:50","2026/07/09 20:27:48"
"C:\CodexWork\kalm-recovery\assets\images\products\kalm-move\men-recovery-v2\lift-tank\charcoal\movement.webp","31234","2026/07/12 05:54:50","2026/07/09 20:27:48"
"C:\CodexWork\kalm-recovery\assets\images\products\kalm-move\men-recovery-v2\lift-tank\navy\movement.webp","31094","2026/07/12 05:54:51","2026/07/09 20:27:48"
"C:\CodexWork\kalm-recovery\assets\images\products\kalm-move\men-recovery-v2\lift-tank\white\movement.webp","27972","2026/07/12 05:54:51","2026/07/09 20:27:48"
"C:\CodexWork\kalm-recovery\assets\images\products\kalm-move\men-recovery-v2\motion-hoodie\black\movement.webp","27992","2026/07/12 05:54:51","2026/07/09 20:27:48"
"C:\CodexWork\kalm-recovery\assets\images\products\kalm-move\men-recovery-v2\motion-hoodie\charcoal\movement.webp","32374","2026/07/12 05:54:51","2026/07/09 20:27:48"
"C:\CodexWork\kalm-recovery\assets\images\products\kalm-move\men-recovery-v2\motion-hoodie\navy\movement.webp","28798","2026/07/12 05:54:51","2026/07/09 20:27:48"
"C:\CodexWork\kalm-recovery\assets\images\products\kalm-move\men-recovery-v2\motion-hoodie\olive\movement.webp","26812","2026/07/12 05:54:51","2026/07/09 20:27:48"
"C:\CodexWork\kalm-recovery\assets\images\products\kalm-move\men-recovery-v2\motion-hoodie\stone\movement.webp","30086","2026/07/12 05:54:51","2026/07/09 20:27:48"
"C:\CodexWork\kalm-recovery\assets\images\products\kalm-move\men-recovery-v2\move-cap\black\movement.webp","37526","2026/07/12 05:54:51","2026/07/09 20:27:48"
"C:\CodexWork\kalm-recovery\assets\images\products\kalm-move\men-recovery-v2\move-cap\charcoal\movement.webp","38560","2026/07/12 05:54:51","2026/07/09 20:27:48"
"C:\CodexWork\kalm-recovery\assets\images\products\kalm-move\men-recovery-v2\move-cap\navy\movement.webp","35290","2026/07/12 05:54:51","2026/07/09 20:27:48"
"C:\CodexWork\kalm-recovery\assets\images\products\kalm-move\men-recovery-v2\move-cap\olive\movement.webp","40328","2026/07/12 05:54:51","2026/07/09 20:27:48"
"C:\CodexWork\kalm-recovery\assets\images\products\kalm-move\men-recovery-v2\move-cap\white\movement.webp","36034","2026/07/12 05:54:51","2026/07/09 20:27:48"
"C:\CodexWork\kalm-recovery\assets\images\products\kalm-move\men-recovery-v2\pace-jogger\black\movement.webp","21684","2026/07/12 05:54:51","2026/07/09 20:27:48"
"C:\CodexWork\kalm-recovery\assets\images\products\kalm-move\men-recovery-v2\pace-jogger\charcoal\movement.webp","23030","2026/07/12 05:54:51","2026/07/09 20:27:48"
"C:\CodexWork\kalm-recovery\assets\images\products\kalm-move\men-recovery-v2\pace-jogger\navy\movement.webp","22932","2026/07/12 05:54:51","2026/07/09 20:27:48"
"C:\CodexWork\kalm-recovery\assets\images\products\kalm-move\men-recovery-v2\pace-jogger\olive\movement.webp","23968","2026/07/12 05:54:51","2026/07/09 20:27:48"
"C:\CodexWork\kalm-recovery\assets\images\products\kalm-move\men-recovery-v2\pace-jogger\stone\movement.webp","26084","2026/07/12 05:54:51","2026/07/09 20:27:48"
"C:\CodexWork\kalm-recovery\assets\images\products\kalm-move\men-recovery-v2\protein-shaker-bottle\black\movement.webp","54516","2026/07/12 05:54:51","2026/07/09 20:27:48"
"C:\CodexWork\kalm-recovery\assets\images\products\kalm-move\men-recovery-v2\protein-shaker-bottle\charcoal\movement.webp","54558","2026/07/12 05:54:51","2026/07/09 20:27:48"
"C:\CodexWork\kalm-recovery\assets\images\products\kalm-move\men-recovery-v2\protein-shaker-bottle\navy\movement.webp","55184","2026/07/12 05:54:51","2026/07/09 20:27:48"
"C:\CodexWork\kalm-recovery\assets\images\products\kalm-move\men-recovery-v2\protein-shaker-bottle\smoke-grey\movement.webp","57370","2026/07/12 05:54:51","2026/07/09 20:27:48"
"C:\CodexWork\kalm-recovery\assets\images\products\kalm-move\men-recovery-v2\sprint-running-short\black\movement.webp","28388","2026/07/12 05:54:51","2026/07/09 20:27:48"
"C:\CodexWork\kalm-recovery\assets\images\products\kalm-move\men-recovery-v2\sprint-running-short\charcoal\movement.webp","28196","2026/07/12 05:54:51","2026/07/09 20:27:48"
"C:\CodexWork\kalm-recovery\assets\images\products\kalm-move\men-recovery-v2\sprint-running-short\cobalt\movement.webp","29414","2026/07/12 05:54:51","2026/07/09 20:27:48"
"C:\CodexWork\kalm-recovery\assets\images\products\kalm-move\men-recovery-v2\sprint-running-short\navy\movement.webp","27856","2026/07/12 05:54:51","2026/07/09 20:27:48"
"C:\CodexWork\kalm-recovery\assets\images\products\kalm-move\men-recovery-v2\training-sock-3-pack\black-pack\movement.webp","41942","2026/07/12 05:54:51","2026/07/09 20:27:48"
"C:\CodexWork\kalm-recovery\assets\images\products\kalm-move\men-recovery-v2\training-sock-3-pack\mixed-neutral-pack\movement.webp","52052","2026/07/12 05:54:51","2026/07/09 20:27:48"
"C:\CodexWork\kalm-recovery\assets\images\products\kalm-move\men-recovery-v2\training-sock-3-pack\white-pack\movement.webp","53940","2026/07/12 05:54:51","2026/07/09 20:27:48"
"C:\CodexWork\kalm-recovery\assets\images\products\kalm-move\men-recovery-v2\utility-gym-bag\black\movement.webp","29596","2026/07/12 05:54:52","2026/07/09 20:27:48"
"C:\CodexWork\kalm-recovery\assets\images\products\kalm-move\men-recovery-v2\utility-gym-bag\charcoal\movement.webp","31210","2026/07/12 05:54:52","2026/07/09 20:27:48"
"C:\CodexWork\kalm-recovery\assets\images\products\kalm-move\men-recovery-v2\utility-gym-bag\navy\movement.webp","28956","2026/07/12 05:54:52","2026/07/09 20:27:48"
"C:\CodexWork\kalm-recovery\assets\images\products\kalm-move\men-recovery-v2\utility-gym-bag\olive\movement.webp","33588","2026/07/12 05:54:52","2026/07/09 20:27:48"
"C:\CodexWork\kalm-recovery\assets\images\products\kalm-move\women\align-ruched-short\pink\movement.webp","26172","2026/07/11 19:45:30","2026/07/11 19:45:30"
"C:\CodexWork\kalm-recovery\assets\images\products\kalm-move\women\align-ruched-short\purple\movement.webp","23012","2026/07/11 19:45:30","2026/07/11 19:45:30"
"C:\CodexWork\kalm-recovery\assets\images\products\kalm-move\women\balance-strappy-set\blossom-pink\movement.webp","17824","2026/07/11 19:45:30","2026/07/11 19:45:30"
"C:\CodexWork\kalm-recovery\assets\images\products\kalm-move\women\core-seamless-tank\black\movement.webp","22102","2026/07/11 19:45:30","2026/07/11 19:45:30"
"C:\CodexWork\kalm-recovery\assets\images\products\kalm-move\women\core-seamless-tank\charcoal\movement.webp","22264","2026/07/11 19:45:30","2026/07/11 19:45:30"
"C:\CodexWork\kalm-recovery\assets\images\products\kalm-move\women\ease-flare-legging\gray-blue\movement.webp","23060","2026/07/11 19:45:30","2026/07/11 19:45:30"
"C:\CodexWork\kalm-recovery\assets\images\products\kalm-move\women\everyday-bottle\blush\movement.webp","110118","2026/07/11 19:45:30","2026/07/11 19:45:30"
"C:\CodexWork\kalm-recovery\assets\images\products\kalm-move\women\everyday-bottle\cream\movement.webp","121684","2026/07/11 19:45:30","2026/07/11 19:45:30"
"C:\CodexWork\kalm-recovery\assets\images\products\kalm-move\women\everyday-bottle\sage\movement.webp","111932","2026/07/11 19:45:30","2026/07/11 19:45:30"
"C:\CodexWork\kalm-recovery\assets\images\products\kalm-move\women\everyday-bottle\stone\movement.webp","91474","2026/07/11 19:45:30","2026/07/11 19:45:30"
"C:\CodexWork\kalm-recovery\assets\images\products\kalm-move\women\everyday-bottle\white\movement.webp","96216","2026/07/11 19:45:30","2026/07/11 19:45:30"
"C:\CodexWork\kalm-recovery\assets\images\products\kalm-move\women\form-short-set\white\movement.webp","21058","2026/07/11 19:45:30","2026/07/11 19:45:30"
"C:\CodexWork\kalm-recovery\assets\images\products\kalm-move\women\kalm-move-canvas-tote-and-cap\black-natural\movement.webp","12938","2026/07/11 19:45:30","2026/07/11 19:45:30"
"C:\CodexWork\kalm-recovery\assets\images\products\kalm-move\women\kalm-move-everyday-movement-legging\black\angle.webp","8924","2026/07/11 19:45:30","2026/07/11 19:45:30"
"C:\CodexWork\kalm-recovery\assets\images\products\kalm-move\women\kalm-move-everyday-movement-legging\black\front.webp","8728","2026/07/11 19:45:30","2026/07/11 19:45:30"
"C:\CodexWork\kalm-recovery\assets\images\products\kalm-move\women\kalm-move-everyday-movement-legging\black\movement.webp","8428","2026/07/11 19:45:30","2026/07/11 19:45:30"
"C:\CodexWork\kalm-recovery\assets\images\products\kalm-move\women\kalm-move-medium-support-sports-bra\olive\movement.webp","14294","2026/07/11 19:45:30","2026/07/11 19:45:30"
"C:\CodexWork\kalm-recovery\assets\images\products\kalm-move\women\kalm-move-modest-performance-tee\oat\movement.webp","16002","2026/07/11 19:45:30","2026/07/11 19:45:30"
"C:\CodexWork\kalm-recovery\assets\images\products\kalm-move\women\kalm-move-studio-starter-set\black-olive-oat\movement.webp","17728","2026/07/11 19:45:30","2026/07/11 19:45:30"
"C:\CodexWork\kalm-recovery\assets\images\products\kalm-move\women\pulse-crop-short-set\black\movement.webp","20978","2026/07/11 19:45:30","2026/07/11 19:45:30"
"C:\CodexWork\kalm-recovery\assets\images\products\kalm-move\women\pulse-crop-short-set-v3\black\movement.webp","23318","2026/07/11 23:18:42","2026/07/11 23:18:42"
"C:\CodexWork\kalm-recovery\assets\images\products\kalm-move\women\rise-long-sleeve-set\apricot\movement.webp","17204","2026/07/11 19:45:30","2026/07/11 19:45:30"
"C:\CodexWork\kalm-recovery\assets\images\products\kalm-move\women\rise-long-sleeve-set\green\movement.webp","20128","2026/07/11 19:45:30","2026/07/11 19:45:30"
"C:\CodexWork\kalm-recovery\assets\images\products\kalm-move\women\rise-long-sleeve-set\rose-red\movement.webp","21086","2026/07/11 19:45:30","2026/07/11 19:45:30"
"C:\CodexWork\kalm-recovery\assets\images\products\kalm-move\women\slim-wellness-bottle\dusty-pink\movement.webp","51758","2026/07/11 19:45:30","2026/07/11 19:45:30"
"C:\CodexWork\kalm-recovery\assets\images\products\kalm-move\women\slim-wellness-bottle\matte-white\movement.webp","102418","2026/07/11 19:45:30","2026/07/11 19:45:30"
"C:\CodexWork\kalm-recovery\assets\images\products\kalm-move\women\slim-wellness-bottle\sage-green\movement.webp","52120","2026/07/11 19:45:30","2026/07/11 19:45:30"
"C:\CodexWork\kalm-recovery\assets\images\products\kalm-move\women\slim-wellness-bottle\soft-beige\movement.webp","51922","2026/07/11 19:45:30","2026/07/11 19:45:30"
"C:\CodexWork\kalm-recovery\assets\images\products\kalm-move\women\studio-bottle\lavender-grey\movement.webp","52308","2026/07/11 19:45:30","2026/07/11 19:45:30"
"C:\CodexWork\kalm-recovery\assets\images\products\kalm-move\women\studio-bottle\sand\movement.webp","51548","2026/07/11 19:45:30","2026/07/11 19:45:30"
"C:\CodexWork\kalm-recovery\assets\images\products\kalm-move\women\studio-bottle\soft-olive\movement.webp","54260","2026/07/11 19:45:30","2026/07/11 19:45:30"
"C:\CodexWork\kalm-recovery\assets\images\products\kalm-move\women\studio-bottle\stone\movement.webp","50994","2026/07/11 19:45:30","2026/07/11 19:45:30"
"C:\CodexWork\kalm-recovery\assets\images\products\kalm-outdoor\kalm-outdoor-canvas-utility-tote-black-natural.webp","81582","2026/07/11 19:45:30","2026/07/11 19:45:30"
"C:\CodexWork\kalm-recovery\assets\images\products\kalm-outdoor\kalm-outdoor-canvas-utility-tote-main.webp","81582","2026/07/11 19:45:30","2026/07/11 19:45:30"
"C:\CodexWork\kalm-recovery\assets\images\products\kalm-outdoor\kalm-outdoor-ember-16-detail.webp","104620","2026/07/11 19:45:30","2026/07/11 19:45:30"
"C:\CodexWork\kalm-recovery\assets\images\products\kalm-outdoor\kalm-outdoor-ember-16-front.webp","47008","2026/07/11 19:45:30","2026/07/11 19:45:30"
"C:\CodexWork\kalm-recovery\assets\images\products\kalm-outdoor\kalm-outdoor-ember-16-lifestyle.webp","132248","2026/07/11 19:45:30","2026/07/11 19:45:30"
"C:\CodexWork\kalm-recovery\assets\images\products\kalm-outdoor\kalm-outdoor-ember-16-main.webp","46104","2026/07/11 19:45:30","2026/07/11 19:45:30"
"C:\CodexWork\kalm-recovery\assets\images\products\kalm-outdoor\kalm-outdoor-ember-16-scene.webp","111222","2026/07/11 19:45:30","2026/07/11 19:45:30"
"C:\CodexWork\kalm-recovery\assets\images\products\kalm-outdoor\kalm-outdoor-ember-16-side.webp","49746","2026/07/11 19:45:30","2026/07/11 19:45:30"
"C:\CodexWork\kalm-recovery\assets\images\products\kalm-outdoor\kalm-outdoor-forge-2-detail.webp","69192","2026/07/11 19:45:30","2026/07/11 19:45:30"
"C:\CodexWork\kalm-recovery\assets\images\products\kalm-outdoor\kalm-outdoor-forge-2-front.webp","69192","2026/07/11 19:45:30","2026/07/11 19:45:30"
"C:\CodexWork\kalm-recovery\assets\images\products\kalm-outdoor\kalm-outdoor-forge-2-lifestyle.webp","160946","2026/07/11 19:45:30","2026/07/11 19:45:30"
"C:\CodexWork\kalm-recovery\assets\images\products\kalm-outdoor\kalm-outdoor-forge-2-main.webp","41202","2026/07/11 19:45:30","2026/07/11 19:45:30"
"C:\CodexWork\kalm-recovery\assets\images\products\kalm-outdoor\kalm-outdoor-forge-2-scene.webp","153894","2026/07/11 19:45:30","2026/07/11 19:45:30"
"C:\CodexWork\kalm-recovery\assets\images\products\kalm-outdoor\kalm-outdoor-forge-2-side.webp","37646","2026/07/11 19:45:30","2026/07/11 19:45:30"
"C:\CodexWork\kalm-recovery\assets\images\products\kalm-outdoor\kalm-outdoor-insulated-carafe-and-tumbler-main.webp","72390","2026/07/11 19:45:30","2026/07/11 19:45:30"
"C:\CodexWork\kalm-recovery\assets\images\products\kalm-outdoor\kalm-outdoor-insulated-carafe-and-tumbler-smoke-steel.webp","72390","2026/07/11 19:45:30","2026/07/11 19:45:30"
"C:\CodexWork\kalm-recovery\assets\images\products\kalm-outdoor\kalm-outdoor-matte-camp-lantern-black.webp","56456","2026/07/11 19:45:30","2026/07/11 19:45:30"
"C:\CodexWork\kalm-recovery\assets\images\products\kalm-outdoor\kalm-outdoor-matte-camp-lantern-main.webp","56456","2026/07/11 19:45:30","2026/07/11 19:45:30"
"C:\CodexWork\kalm-recovery\assets\images\products\kalm-outdoor\kalm-outdoor-patio-cushion-pair-ivory-black.webp","112218","2026/07/11 19:45:30","2026/07/11 19:45:30"
"C:\CodexWork\kalm-recovery\assets\images\products\kalm-outdoor\kalm-outdoor-patio-cushion-pair-main.webp","112218","2026/07/11 19:45:30","2026/07/11 19:45:30"
"C:\CodexWork\kalm-recovery\assets\images\products\kalm-outdoor\kalm-outdoor-ridge-4-detail.webp","88644","2026/07/11 19:45:30","2026/07/11 19:45:30"
"C:\CodexWork\kalm-recovery\assets\images\products\kalm-outdoor\kalm-outdoor-ridge-4-front.webp","49468","2026/07/11 19:45:30","2026/07/11 19:45:30"
"C:\CodexWork\kalm-recovery\assets\images\products\kalm-outdoor\kalm-outdoor-ridge-4-lifestyle.webp","115862","2026/07/11 19:45:30","2026/07/11 19:45:30"
"C:\CodexWork\kalm-recovery\assets\images\products\kalm-outdoor\kalm-outdoor-ridge-4-main.webp","50736","2026/07/11 19:45:30","2026/07/11 19:45:30"
"C:\CodexWork\kalm-recovery\assets\images\products\kalm-outdoor\kalm-outdoor-ridge-4-scene.webp","94856","2026/07/11 19:45:30","2026/07/11 19:45:30"
"C:\CodexWork\kalm-recovery\assets\images\products\kalm-outdoor\kalm-outdoor-ridge-4-side.webp","75852","2026/07/11 19:45:30","2026/07/11 19:45:30"
"C:\CodexWork\kalm-recovery\assets\images\products\kalm-outdoor\kalm-outdoor-weather-ready-picnic-blanket-charcoal.webp","124402","2026/07/11 19:45:30","2026/07/11 19:45:30"
"C:\CodexWork\kalm-recovery\assets\images\products\kalm-outdoor\kalm-outdoor-weather-ready-picnic-blanket-main.webp","124402","2026/07/11 19:45:30","2026/07/11 19:45:30"
"C:\CodexWork\kalm-recovery\assets\images\products\kalm-outdoor\accessories\ember-dough-and-heat-kit-v2\01-hero-three-quarter.webp","27466","2026/07/11 23:18:43","2026/07/11 23:18:43"
"C:\CodexWork\kalm-recovery\assets\images\products\kalm-outdoor\accessories\ember-dough-and-heat-kit-v2\02-opposite-side.webp","24526","2026/07/11 23:18:43","2026/07/11 23:18:43"
"C:\CodexWork\kalm-recovery\assets\images\products\kalm-outdoor\accessories\ember-dough-and-heat-kit-v2\03-component-layout.webp","22340","2026/07/11 23:18:43","2026/07/11 23:18:43"
"C:\CodexWork\kalm-recovery\assets\images\products\kalm-outdoor\accessories\ember-dough-and-heat-kit-v2\04-material-detail.webp","36564","2026/07/11 23:18:43","2026/07/11 23:18:43"
"C:\CodexWork\kalm-recovery\assets\images\products\kalm-outdoor\accessories\ember-dough-and-heat-kit-v2\05-lifestyle-use.webp","32692","2026/07/11 23:18:43","2026/07/11 23:18:43"
"C:\CodexWork\kalm-recovery\assets\images\products\kalm-outdoor\accessories\ember-dough-and-heat-kit-v2\06-compatible-appliance.webp","32830","2026/07/11 23:18:43","2026/07/11 23:18:43"
"C:\CodexWork\kalm-recovery\assets\images\products\kalm-outdoor\accessories\ember-launch-pro-perforated-peel-v2\01-hero-three-quarter.webp","26046","2026/07/11 23:18:43","2026/07/11 23:18:43"
"C:\CodexWork\kalm-recovery\assets\images\products\kalm-outdoor\accessories\ember-launch-pro-perforated-peel-v2\02-opposite-side.webp","22638","2026/07/11 23:18:43","2026/07/11 23:18:43"
"C:\CodexWork\kalm-recovery\assets\images\products\kalm-outdoor\accessories\ember-launch-pro-perforated-peel-v2\03-component-layout.webp","19564","2026/07/11 23:18:43","2026/07/11 23:18:43"
"C:\CodexWork\kalm-recovery\assets\images\products\kalm-outdoor\accessories\ember-launch-pro-perforated-peel-v2\04-material-detail.webp","19726","2026/07/11 23:18:43","2026/07/11 23:18:43"
"C:\CodexWork\kalm-recovery\assets\images\products\kalm-outdoor\accessories\ember-launch-pro-perforated-peel-v2\05-lifestyle-use.webp","28942","2026/07/11 23:18:43","2026/07/11 23:18:43"
"C:\CodexWork\kalm-recovery\assets\images\products\kalm-outdoor\accessories\ember-launch-pro-perforated-peel-v2\06-compatible-appliance.webp","33666","2026/07/11 23:18:43","2026/07/11 23:18:43"
"C:\CodexWork\kalm-recovery\assets\images\products\kalm-outdoor\accessories\ember-turn-pro-turning-peel-v2\01-hero-three-quarter.webp","20442","2026/07/11 23:18:43","2026/07/11 23:18:43"
"C:\CodexWork\kalm-recovery\assets\images\products\kalm-outdoor\accessories\ember-turn-pro-turning-peel-v2\02-opposite-side.webp","17266","2026/07/11 23:18:43","2026/07/11 23:18:43"
"C:\CodexWork\kalm-recovery\assets\images\products\kalm-outdoor\accessories\ember-turn-pro-turning-peel-v2\03-component-layout.webp","17768","2026/07/11 23:18:43","2026/07/11 23:18:43"
"C:\CodexWork\kalm-recovery\assets\images\products\kalm-outdoor\accessories\ember-turn-pro-turning-peel-v2\04-material-detail.webp","25198","2026/07/11 23:18:43","2026/07/11 23:18:43"
"C:\CodexWork\kalm-recovery\assets\images\products\kalm-outdoor\accessories\ember-turn-pro-turning-peel-v2\05-lifestyle-use.webp","26328","2026/07/11 23:18:43","2026/07/11 23:18:43"
"C:\CodexWork\kalm-recovery\assets\images\products\kalm-outdoor\accessories\ember-turn-pro-turning-peel-v2\06-compatible-appliance.webp","31696","2026/07/11 23:18:43","2026/07/11 23:18:43"
"C:\CodexWork\kalm-recovery\assets\images\products\kalm-outdoor\accessories\forge-pro-griddle-tool-roll-v2\01-hero-three-quarter.webp","23246","2026/07/11 23:18:43","2026/07/11 23:18:43"
"C:\CodexWork\kalm-recovery\assets\images\products\kalm-outdoor\accessories\forge-pro-griddle-tool-roll-v2\02-opposite-side.webp","20076","2026/07/11 23:18:43","2026/07/11 23:18:43"
"C:\CodexWork\kalm-recovery\assets\images\products\kalm-outdoor\accessories\forge-pro-griddle-tool-roll-v2\03-component-layout.webp","19610","2026/07/11 23:18:43","2026/07/11 23:18:43"
"C:\CodexWork\kalm-recovery\assets\images\products\kalm-outdoor\accessories\forge-pro-griddle-tool-roll-v2\04-material-detail.webp","25964","2026/07/11 23:18:43","2026/07/11 23:18:43"
"C:\CodexWork\kalm-recovery\assets\images\products\kalm-outdoor\accessories\forge-pro-griddle-tool-roll-v2\05-lifestyle-use.webp","28118","2026/07/11 23:18:43","2026/07/11 23:18:43"
"C:\CodexWork\kalm-recovery\assets\images\products\kalm-outdoor\accessories\forge-pro-griddle-tool-roll-v2\06-compatible-appliance.webp","28684","2026/07/11 23:18:43","2026/07/11 23:18:43"
"C:\CodexWork\kalm-recovery\assets\images\products\kalm-outdoor\accessories\forge-season-and-care-kit-v2\01-hero-three-quarter.webp","22210","2026/07/11 23:18:43","2026/07/11 23:18:43"
"C:\CodexWork\kalm-recovery\assets\images\products\kalm-outdoor\accessories\forge-season-and-care-kit-v2\02-opposite-side.webp","20922","2026/07/11 23:18:43","2026/07/11 23:18:43"
"C:\CodexWork\kalm-recovery\assets\images\products\kalm-outdoor\accessories\forge-season-and-care-kit-v2\03-component-layout.webp","17936","2026/07/11 23:18:43","2026/07/11 23:18:43"
"C:\CodexWork\kalm-recovery\assets\images\products\kalm-outdoor\accessories\forge-season-and-care-kit-v2\04-material-detail.webp","36668","2026/07/11 23:18:43","2026/07/11 23:18:43"
"C:\CodexWork\kalm-recovery\assets\images\products\kalm-outdoor\accessories\forge-season-and-care-kit-v2\05-lifestyle-use.webp","28484","2026/07/11 23:18:43","2026/07/11 23:18:43"
"C:\CodexWork\kalm-recovery\assets\images\products\kalm-outdoor\accessories\forge-season-and-care-kit-v2\06-compatible-appliance.webp","29912","2026/07/11 23:18:43","2026/07/11 23:18:43"
"C:\CodexWork\kalm-recovery\assets\images\products\kalm-outdoor\accessories\forge-smash-and-steam-kit-v2\01-hero-three-quarter.webp","19702","2026/07/11 23:18:43","2026/07/11 23:18:43"
"C:\CodexWork\kalm-recovery\assets\images\products\kalm-outdoor\accessories\forge-smash-and-steam-kit-v2\02-opposite-side.webp","18030","2026/07/11 23:18:43","2026/07/11 23:18:43"
"C:\CodexWork\kalm-recovery\assets\images\products\kalm-outdoor\accessories\forge-smash-and-steam-kit-v2\03-component-layout.webp","20770","2026/07/11 23:18:43","2026/07/11 23:18:43"
"C:\CodexWork\kalm-recovery\assets\images\products\kalm-outdoor\accessories\forge-smash-and-steam-kit-v2\04-material-detail.webp","31516","2026/07/11 23:18:43","2026/07/11 23:18:43"
"C:\CodexWork\kalm-recovery\assets\images\products\kalm-outdoor\accessories\forge-smash-and-steam-kit-v2\05-lifestyle-use.webp","26892","2026/07/11 23:18:43","2026/07/11 23:18:43"
"C:\CodexWork\kalm-recovery\assets\images\products\kalm-outdoor\accessories\forge-smash-and-steam-kit-v2\06-compatible-appliance.webp","31072","2026/07/11 23:18:43","2026/07/11 23:18:43"
"C:\CodexWork\kalm-recovery\assets\images\products\kalm-outdoor\accessories\ridge-cast-iron-sear-system-v2\01-hero-three-quarter.webp","31758","2026/07/11 23:18:43","2026/07/11 23:18:43"
"C:\CodexWork\kalm-recovery\assets\images\products\kalm-outdoor\accessories\ridge-cast-iron-sear-system-v2\02-opposite-side.webp","29882","2026/07/11 23:18:43","2026/07/11 23:18:43"
"C:\CodexWork\kalm-recovery\assets\images\products\kalm-outdoor\accessories\ridge-cast-iron-sear-system-v2\03-component-layout.webp","24614","2026/07/11 23:18:43","2026/07/11 23:18:43"
"C:\CodexWork\kalm-recovery\assets\images\products\kalm-outdoor\accessories\ridge-cast-iron-sear-system-v2\04-material-detail.webp","53610","2026/07/11 23:18:43","2026/07/11 23:18:43"
"C:\CodexWork\kalm-recovery\assets\images\products\kalm-outdoor\accessories\ridge-cast-iron-sear-system-v2\05-lifestyle-use.webp","30586","2026/07/11 23:18:43","2026/07/11 23:18:43"
"C:\CodexWork\kalm-recovery\assets\images\products\kalm-outdoor\accessories\ridge-cast-iron-sear-system-v2\06-compatible-appliance.webp","33454","2026/07/11 23:18:43","2026/07/11 23:18:43"
"C:\CodexWork\kalm-recovery\assets\images\products\kalm-outdoor\accessories\ridge-pro-rotisserie-kit-v2\01-hero-three-quarter.webp","21680","2026/07/11 23:18:43","2026/07/11 23:18:43"
"C:\CodexWork\kalm-recovery\assets\images\products\kalm-outdoor\accessories\ridge-pro-rotisserie-kit-v2\02-opposite-side.webp","19124","2026/07/11 23:18:43","2026/07/11 23:18:43"
"C:\CodexWork\kalm-recovery\assets\images\products\kalm-outdoor\accessories\ridge-pro-rotisserie-kit-v2\03-component-layout.webp","18424","2026/07/11 23:18:43","2026/07/11 23:18:43"
"C:\CodexWork\kalm-recovery\assets\images\products\kalm-outdoor\accessories\ridge-pro-rotisserie-kit-v2\04-material-detail.webp","22660","2026/07/11 23:18:43","2026/07/11 23:18:43"
"C:\CodexWork\kalm-recovery\assets\images\products\kalm-outdoor\accessories\ridge-pro-rotisserie-kit-v2\05-lifestyle-use.webp","28386","2026/07/11 23:18:43","2026/07/11 23:18:43"
"C:\CodexWork\kalm-recovery\assets\images\products\kalm-outdoor\accessories\ridge-pro-rotisserie-kit-v2\06-compatible-appliance.webp","27110","2026/07/11 23:18:43","2026/07/11 23:18:43"
"C:\CodexWork\kalm-recovery\assets\images\products\kalm-outdoor\accessories\ridge-smart-temperature-system-v2\01-hero-three-quarter.webp","19138","2026/07/11 23:18:43","2026/07/11 23:18:43"
"C:\CodexWork\kalm-recovery\assets\images\products\kalm-outdoor\accessories\ridge-smart-temperature-system-v2\02-opposite-side.webp","15560","2026/07/11 23:18:43","2026/07/11 23:18:43"
"C:\CodexWork\kalm-recovery\assets\images\products\kalm-outdoor\accessories\ridge-smart-temperature-system-v2\03-component-layout.webp","17214","2026/07/11 23:18:43","2026/07/11 23:18:43"
"C:\CodexWork\kalm-recovery\assets\images\products\kalm-outdoor\accessories\ridge-smart-temperature-system-v2\04-material-detail.webp","25752","2026/07/11 23:18:43","2026/07/11 23:18:43"
"C:\CodexWork\kalm-recovery\assets\images\products\kalm-outdoor\accessories\ridge-smart-temperature-system-v2\05-lifestyle-use.webp","25366","2026/07/11 23:18:43","2026/07/11 23:18:43"
"C:\CodexWork\kalm-recovery\assets\images\products\kalm-outdoor\accessories\ridge-smart-temperature-system-v2\06-compatible-appliance.webp","29454","2026/07/11 23:18:43","2026/07/11 23:18:43"
"C:\CodexWork\kalm-recovery\assets\images\products\kalm-wellness\align-block-set-v2\charcoal\lifestyle.webp","137988","2026/07/11 19:45:30","2026/07/11 19:45:30"
"C:\CodexWork\kalm-recovery\assets\images\products\kalm-wellness\align-block-set-v2\natural-cork\lifestyle.webp","104694","2026/07/11 19:45:30","2026/07/11 19:45:30"
"C:\CodexWork\kalm-recovery\assets\images\products\kalm-wellness\align-block-set-v2\sage\lifestyle.webp","133106","2026/07/11 19:45:30","2026/07/11 19:45:30"
"C:\CodexWork\kalm-recovery\assets\images\products\kalm-wellness\breathe-mat-v2\sage\lifestyle.webp","96602","2026/07/11 19:45:30","2026/07/11 19:45:30"
"C:\CodexWork\kalm-recovery\assets\images\products\kalm-wellness\breathe-mat-v2\sand\lifestyle.webp","109004","2026/07/11 19:45:30","2026/07/11 19:45:30"
"C:\CodexWork\kalm-recovery\assets\images\products\kalm-wellness\breathe-mat-v2\stone\lifestyle.webp","111352","2026/07/11 19:45:30","2026/07/11 19:45:30"
"C:\CodexWork\kalm-recovery\assets\images\products\kalm-wellness\centre-pouch-v2\charcoal\lifestyle.webp","130664","2026/07/11 19:45:30","2026/07/11 19:45:30"
"C:\CodexWork\kalm-recovery\assets\images\products\kalm-wellness\centre-pouch-v2\oat\lifestyle.webp","150918","2026/07/11 19:45:30","2026/07/11 19:45:30"
"C:\CodexWork\kalm-recovery\assets\images\products\kalm-wellness\centre-pouch-v2\sage\lifestyle.webp","156928","2026/07/11 19:45:30","2026/07/11 19:45:30"
"C:\CodexWork\kalm-recovery\assets\images\products\kalm-wellness\ease-strap-v2\charcoal\lifestyle.webp","98446","2026/07/11 19:45:30","2026/07/11 19:45:30"
"C:\CodexWork\kalm-recovery\assets\images\products\kalm-wellness\ease-strap-v2\oat\lifestyle.webp","129794","2026/07/11 19:45:30","2026/07/11 19:45:30"
"C:\CodexWork\kalm-recovery\assets\images\products\kalm-wellness\ease-strap-v2\sage\lifestyle.webp","92522","2026/07/11 19:45:30","2026/07/11 19:45:30"
"C:\CodexWork\kalm-recovery\assets\images\products\kalm-wellness\ground-bottle-v2\black\lifestyle.webp","160466","2026/07/11 19:45:30","2026/07/11 19:45:30"
"C:\CodexWork\kalm-recovery\assets\images\products\kalm-wellness\ground-bottle-v2\olive\lifestyle.webp","138144","2026/07/11 19:45:30","2026/07/11 19:45:30"
"C:\CodexWork\kalm-recovery\assets\images\products\kalm-wellness\ground-bottle-v2\soft-white\lifestyle.webp","167572","2026/07/11 19:45:30","2026/07/11 19:45:30"
"C:\CodexWork\kalm-recovery\assets\images\products\kalm-wellness\pause-journal-v2\blush\lifestyle.webp","135196","2026/07/11 19:45:30","2026/07/11 19:45:30"
"C:\CodexWork\kalm-recovery\assets\images\products\kalm-wellness\pause-journal-v2\charcoal\lifestyle.webp","132004","2026/07/11 19:45:30","2026/07/11 19:45:30"
"C:\CodexWork\kalm-recovery\assets\images\products\kalm-wellness\pause-journal-v2\oat\lifestyle.webp","110166","2026/07/11 19:45:30","2026/07/11 19:45:30"
"C:\CodexWork\kalm-recovery\assets\images\products\kalm-wellness\restore-towel-v2\charcoal\lifestyle.webp","143282","2026/07/11 19:45:30","2026/07/11 19:45:30"
"C:\CodexWork\kalm-recovery\assets\images\products\kalm-wellness\restore-towel-v2\dusty-rose\lifestyle.webp","156410","2026/07/11 19:45:30","2026/07/11 19:45:30"
"C:\CodexWork\kalm-recovery\assets\images\products\kalm-wellness\restore-towel-v2\oat\lifestyle.webp","168430","2026/07/11 19:45:30","2026/07/11 19:45:30"
"C:\CodexWork\kalm-recovery\assets\images\products\kalm-wellness\ritual-set-v2\charcoal\lifestyle.webp","147676","2026/07/11 19:45:30","2026/07/11 19:45:30"
"C:\CodexWork\kalm-recovery\assets\images\products\kalm-wellness\ritual-set-v2\natural-oat\lifestyle.webp","134386","2026/07/11 19:45:30","2026/07/11 19:45:30"
"C:\CodexWork\kalm-recovery\assets\images\products\kalm-wellness\ritual-set-v2\sage\lifestyle.webp","139826","2026/07/11 19:45:30","2026/07/11 19:45:30"
"C:\CodexWork\kalm-recovery\assets\images\products\ks-active\model-shoot\ks-crisscross-back-sports-bra\black\movement.webp","30628","2026/07/11 19:45:30","2026/07/11 19:45:30"
"C:\CodexWork\kalm-recovery\assets\images\products\ks-active\model-shoot\ks-crisscross-back-sports-bra\blue\movement.webp","21294","2026/07/11 19:45:30","2026/07/11 19:45:30"
"C:\CodexWork\kalm-recovery\assets\images\products\ks-active\model-shoot\ks-crisscross-back-sports-bra\purple\movement.webp","30426","2026/07/11 19:45:30","2026/07/11 19:45:30"
"C:\CodexWork\kalm-recovery\assets\images\products\ks-active\model-shoot\ks-dual-zip-long-sleeve-crop\black\movement.webp","21458","2026/07/11 19:45:30","2026/07/11 19:45:30"
"C:\CodexWork\kalm-recovery\assets\images\products\ks-active\model-shoot\ks-dual-zip-long-sleeve-crop\stone\movement.webp","20596","2026/07/11 19:45:30","2026/07/11 19:45:30"
"C:\CodexWork\kalm-recovery\assets\images\products\ks-active\model-shoot\ks-dual-zip-long-sleeve-crop\taupe\movement.webp","21922","2026/07/11 19:45:30","2026/07/11 19:45:30"
"C:\CodexWork\kalm-recovery\assets\images\products\ks-active\model-shoot\ks-high-stretch-seamless-leggings\black\movement.webp","22706","2026/07/11 19:45:30","2026/07/11 19:45:30"
"C:\CodexWork\kalm-recovery\assets\images\products\ks-active\model-shoot\ks-high-stretch-seamless-leggings\charcoal\movement.webp","24904","2026/07/11 19:45:30","2026/07/11 19:45:30"
"C:\CodexWork\kalm-recovery\assets\images\products\ks-active\model-shoot\ks-high-waist-seamless-leggings\black\movement.webp","20698","2026/07/11 19:45:30","2026/07/11 19:45:30"
"C:\CodexWork\kalm-recovery\assets\images\products\ks-active\model-shoot\ks-high-waist-seamless-leggings\deep-plum\movement.webp","24702","2026/07/11 19:45:30","2026/07/11 19:45:30"
"C:\CodexWork\kalm-recovery\assets\images\products\ks-active\model-shoot\ks-high-waist-seamless-leggings\wine\movement.webp","22818","2026/07/11 19:45:30","2026/07/11 19:45:30"
"C:\CodexWork\kalm-recovery\assets\images\products\ks-active\model-shoot\ks-high-waist-seamless-shorts\black\movement.webp","23154","2026/07/11 19:45:30","2026/07/11 19:45:30"
"C:\CodexWork\kalm-recovery\assets\images\products\ks-active\model-shoot\ks-high-waist-seamless-shorts\deep-plum\movement.webp","23880","2026/07/11 19:45:30","2026/07/11 19:45:30"
"C:\CodexWork\kalm-recovery\assets\images\products\ks-active\model-shoot\ks-high-waist-seamless-shorts\wine\movement.webp","23918","2026/07/11 19:45:30","2026/07/11 19:45:30"
"C:\CodexWork\kalm-recovery\assets\images\products\ks-active\model-shoot\ks-open-back-romper\black\movement.webp","22312","2026/07/11 19:45:30","2026/07/11 19:45:30"
"C:\CodexWork\kalm-recovery\branding\kalm-outdoor-display-logo-transparent.png","36688","2026/07/11 19:45:30","2026/07/11 19:45:30"
"C:\CodexWork\kalm-recovery\branding\kalm-outdoor-display-logo.png","35197","2026/07/11 19:45:30","2026/07/11 19:45:30"
"C:\CodexWork\kalm-recovery\branding\kalm-outdoor-display-logo.webp","13956","2026/07/11 19:45:30","2026/07/11 19:45:30"
"C:\CodexWork\kalm-recovery\reports\brands-page-qa.json","3376","2026/07/11 19:45:30","2026/07/11 19:45:30"
"C:\CodexWork\kalm-recovery\reports\KALM-OUTDOOR-BRANCH-AUDIT.md","8431","2026/07/11 21:29:57","2026/07/11 21:29:57"
"C:\CodexWork\kalm-recovery\reports\outdoor-v2-execution-log.md","1979","2026/07/11 21:28:00","2026/07/11 21:29:57"
"C:\CodexWork\kalm-recovery\reports\outdoor-v2-execution-state.json","1768","2026/07/11 21:28:00","2026/07/11 21:35:46"
"C:\CodexWork\kalm-recovery\reports\contact-sheets\everyday-bottle-completed-contact-sheet.jpg","187823","2026/07/11 19:45:30","2026/07/11 19:45:30"
"C:\CodexWork\kalm-recovery\reports\contact-sheets\kalm-women-basic-live-coverage-20260711.jpg","199426","2026/07/11 19:45:30","2026/07/11 19:45:30"
"C:\CodexWork\kalm-recovery\reports\contact-sheets\reference-intake-four-products.jpg","133473","2026/07/11 19:45:30","2026/07/11 19:45:30"
"C:\CodexWork\kalm-recovery\reports\contact-sheets\v2-everyday-bottle-completed.jpg","108738","2026/07/11 19:45:30","2026/07/11 19:45:30"
"C:\CodexWork\kalm-recovery\reports\contact-sheets\v2-slim-wellness-bottle-completed.jpg","68835","2026/07/11 19:45:30","2026/07/11 19:45:30"
"C:\CodexWork\kalm-recovery\reports\contact-sheets\kalm-move-women-local-repair\kalm-move-align-ruched-short.jpg","326796","2026/07/11 21:29:57","2026/07/11 21:29:57"
"C:\CodexWork\kalm-recovery\reports\contact-sheets\kalm-move-women-local-repair\kalm-move-align-strappy-jumpsuit.jpg","212958","2026/07/11 21:29:57","2026/07/11 21:29:57"
"C:\CodexWork\kalm-recovery\reports\contact-sheets\kalm-move-women-local-repair\kalm-move-balance-strappy-set.jpg","406853","2026/07/11 21:29:57","2026/07/11 21:29:57"
"C:\CodexWork\kalm-recovery\reports\contact-sheets\kalm-move-women-local-repair\kalm-move-contrast-flare-set.jpg","51539","2026/07/11 21:29:57","2026/07/11 21:29:57"
"C:\CodexWork\kalm-recovery\reports\contact-sheets\kalm-move-women-local-repair\kalm-move-core-seamless-tank.jpg","404464","2026/07/11 21:29:57","2026/07/11 21:29:57"
"C:\CodexWork\kalm-recovery\reports\contact-sheets\kalm-move-women-local-repair\kalm-move-cropped-zip-yoga-jacket.jpg","37798","2026/07/11 21:29:57","2026/07/11 21:29:57"
"C:\CodexWork\kalm-recovery\reports\contact-sheets\kalm-move-women-local-repair\kalm-move-crossline-legging.jpg","56095","2026/07/11 21:29:57","2026/07/11 21:29:57"
"C:\CodexWork\kalm-recovery\reports\contact-sheets\kalm-move-women-local-repair\kalm-move-drift-crop-wide-pant.jpg","66682","2026/07/11 21:29:57","2026/07/11 21:29:57"
"C:\CodexWork\kalm-recovery\reports\contact-sheets\kalm-move-women-local-repair\kalm-move-ease-flare-set.jpg","192738","2026/07/11 21:29:57","2026/07/11 21:29:57"
"C:\CodexWork\kalm-recovery\reports\contact-sheets\kalm-move-women-local-repair\kalm-move-form-short-set.jpg","397679","2026/07/11 21:29:57","2026/07/11 21:29:57"
"C:\CodexWork\kalm-recovery\reports\contact-sheets\kalm-move-women-local-repair\kalm-move-halter-biker-short-set.jpg","293920","2026/07/11 21:29:57","2026/07/11 21:29:57"
"C:\CodexWork\kalm-recovery\reports\contact-sheets\kalm-move-women-local-repair\kalm-move-lightweight-windbreaker-set.jpg","45096","2026/07/11 21:29:57","2026/07/11 21:29:57"
"C:\CodexWork\kalm-recovery\reports\contact-sheets\kalm-move-women-local-repair\kalm-move-loose-split-running-short.jpg","128687","2026/07/11 21:29:57","2026/07/11 21:29:57"
"C:\CodexWork\kalm-recovery\reports\contact-sheets\kalm-move-women-local-repair\kalm-move-open-back-short-romper.jpg","245844","2026/07/11 21:29:57","2026/07/11 21:29:57"
"C:\CodexWork\kalm-recovery\reports\contact-sheets\kalm-move-women-local-repair\kalm-move-pocket-racerback-crop-bra.jpg","30687","2026/07/11 21:29:57","2026/07/11 21:29:57"
"C:\CodexWork\kalm-recovery\reports\contact-sheets\kalm-move-women-local-repair\kalm-move-pulse-crop-short-set.jpg","42132","2026/07/11 21:29:57","2026/07/11 21:29:57"
"C:\CodexWork\kalm-recovery\reports\contact-sheets\kalm-move-women-local-repair\kalm-move-rise-long-sleeve-set.jpg","421755","2026/07/11 21:29:57","2026/07/11 21:29:57"
"C:\CodexWork\kalm-recovery\reports\contact-sheets\kalm-move-women-local-repair\kalm-move-split-running-skort.jpg","129547","2026/07/11 21:29:57","2026/07/11 21:29:57"
"C:\CodexWork\kalm-recovery\reports\contact-sheets\kalm-move-women-local-repair\kalm-move-wide-leg-yoga-pant.jpg","475194","2026/07/11 21:29:57","2026/07/11 21:29:57"
"C:\CodexWork\kalm-recovery\reports\drive-recovery\manifests\git-brand-lifestyle-object-search.txt","7136","2026/07/12 07:27:29","2026/07/12 07:27:29"
"C:\CodexWork\kalm-recovery\reports\multi-ai-review\screenshots\kalm-outdoor-desktop.png","102354","2026/07/11 21:29:57","2026/07/11 21:29:57"
"C:\CodexWork\kalm-recovery\reports\multi-ai-review\screenshots\kalm-outdoor-mobile.png","27878","2026/07/11 21:29:57","2026/07/11 21:29:57"
"C:\CodexWork\kalm-recovery\reports\multi-ai-review\screenshots\outdoor-accessory-waitlist-desktop.png","67690","2026/07/11 21:29:57","2026/07/11 21:29:57"
"C:\CodexWork\kalm-recovery\reports\multi-ai-review\screenshots\outdoor-accessory-waitlist-mobile.png","22033","2026/07/11 21:29:57","2026/07/11 21:29:57"
"C:\CodexWork\kalm-recovery\reports\multi-ai-review\screenshots\outdoor-appliance-desktop.png","85410","2026/07/11 21:29:57","2026/07/11 21:29:57"
"C:\CodexWork\kalm-recovery\reports\multi-ai-review\screenshots\outdoor-waitlist-mobile.png","26549","2026/07/11 21:29:57","2026/07/11 21:29:57"
"C:\CodexWork\kalm-recovery\reports\visual-recovery-preview-evidence\outdoor-desktop.png","87168","2026/07/12 06:04:54","2026/07/12 06:04:54"
"C:\CodexWork\kalm-recovery\reports\visual-recovery-preview-evidence\outdoor-waitlist-cards-desktop.png","103699","2026/07/12 06:05:05","2026/07/12 06:05:05"
"C:\CodexWork\kalm-recovery\reports\zero-paid-image-masks\063-movement-target.png","2185","2026/07/11 23:18:43","2026/07/11 23:18:43"
"C:\CodexWork\kalm-recovery\reports\zero-paid-image-visual-evidence\move-contact-sheets\kalm-move-align-ruched-short.webp","130878","2026/07/11 23:18:43","2026/07/11 23:18:43"
"C:\CodexWork\kalm-recovery\reports\zero-paid-image-visual-evidence\move-contact-sheets\kalm-move-align-strappy-jumpsuit.webp","83416","2026/07/11 23:18:43","2026/07/11 23:18:43"
"C:\CodexWork\kalm-recovery\reports\zero-paid-image-visual-evidence\move-contact-sheets\kalm-move-balance-strappy-set.webp","157772","2026/07/11 23:18:43","2026/07/11 23:18:43"
"C:\CodexWork\kalm-recovery\reports\zero-paid-image-visual-evidence\move-contact-sheets\kalm-move-contrast-flare-set.webp","20636","2026/07/11 23:18:43","2026/07/11 23:18:43"
"C:\CodexWork\kalm-recovery\reports\zero-paid-image-visual-evidence\move-contact-sheets\kalm-move-core-seamless-tank.webp","158098","2026/07/11 23:18:43","2026/07/11 23:18:43"
"C:\CodexWork\kalm-recovery\reports\zero-paid-image-visual-evidence\move-contact-sheets\kalm-move-cropped-zip-yoga-jacket.webp","14454","2026/07/11 23:18:43","2026/07/11 23:18:43"
"C:\CodexWork\kalm-recovery\reports\zero-paid-image-visual-evidence\move-contact-sheets\kalm-move-crossline-legging.webp","21472","2026/07/11 23:18:43","2026/07/11 23:18:43"
"C:\CodexWork\kalm-recovery\reports\zero-paid-image-visual-evidence\move-contact-sheets\kalm-move-drift-crop-wide-pant.webp","26196","2026/07/11 23:18:43","2026/07/11 23:18:43"
"C:\CodexWork\kalm-recovery\reports\zero-paid-image-visual-evidence\move-contact-sheets\kalm-move-ease-flare-set.webp","71288","2026/07/11 23:18:43","2026/07/11 23:18:43"
"C:\CodexWork\kalm-recovery\reports\zero-paid-image-visual-evidence\move-contact-sheets\kalm-move-form-short-set.webp","163256","2026/07/11 23:18:43","2026/07/11 23:18:43"
"C:\CodexWork\kalm-recovery\reports\zero-paid-image-visual-evidence\move-contact-sheets\kalm-move-halter-biker-short-set.webp","112030","2026/07/11 23:18:43","2026/07/11 23:18:43"
"C:\CodexWork\kalm-recovery\reports\zero-paid-image-visual-evidence\move-contact-sheets\kalm-move-lightweight-windbreaker-set.webp","17560","2026/07/11 23:18:43","2026/07/11 23:18:43"
"C:\CodexWork\kalm-recovery\reports\zero-paid-image-visual-evidence\move-contact-sheets\kalm-move-loose-split-running-short.webp","51012","2026/07/11 23:18:43","2026/07/11 23:18:43"
"C:\CodexWork\kalm-recovery\reports\zero-paid-image-visual-evidence\move-contact-sheets\kalm-move-open-back-short-romper.webp","94420","2026/07/11 23:18:43","2026/07/11 23:18:43"
"C:\CodexWork\kalm-recovery\reports\zero-paid-image-visual-evidence\move-contact-sheets\kalm-move-pocket-racerback-crop-bra.webp","13148","2026/07/11 23:18:43","2026/07/11 23:18:43"
"C:\CodexWork\kalm-recovery\reports\zero-paid-image-visual-evidence\move-contact-sheets\kalm-move-pulse-crop-short-set.webp","16338","2026/07/11 23:18:43","2026/07/11 23:18:43"
"C:\CodexWork\kalm-recovery\reports\zero-paid-image-visual-evidence\move-contact-sheets\kalm-move-rise-long-sleeve-set.webp","161764","2026/07/11 23:18:43","2026/07/11 23:18:43"
"C:\CodexWork\kalm-recovery\reports\zero-paid-image-visual-evidence\move-contact-sheets\kalm-move-split-running-skort.webp","51862","2026/07/11 23:18:43","2026/07/11 23:18:43"
"C:\CodexWork\kalm-recovery\reports\zero-paid-image-visual-evidence\move-contact-sheets\kalm-move-wide-leg-yoga-pant.webp","185398","2026/07/11 23:18:43","2026/07/11 23:18:43"
"C:\CodexWork\kalm-recovery\reports\zero-paid-image-visual-evidence\move-diff-heatmaps\063-movement-heatmap.webp","2532","2026/07/11 23:18:43","2026/07/11 23:18:43"
"C:\CodexWork\kalm-recovery\reports\zero-paid-image-visual-evidence\storefront\kalm-outdoor-ember-dough-and-heat-kit-desktop.png","51337","2026/07/11 23:18:43","2026/07/11 23:18:43"
"C:\CodexWork\kalm-recovery\reports\zero-paid-image-visual-evidence\storefront\kalm-outdoor-ember-launch-pro-perforated-peel-desktop.png","51624","2026/07/11 23:18:43","2026/07/11 23:18:43"
"C:\CodexWork\kalm-recovery\reports\zero-paid-image-visual-evidence\storefront\kalm-outdoor-ember-turn-pro-turning-peel-desktop.png","48456","2026/07/11 23:18:43","2026/07/11 23:18:43"
"C:\CodexWork\kalm-recovery\reports\zero-paid-image-visual-evidence\storefront\kalm-outdoor-forge-pro-griddle-tool-roll-desktop.png","50574","2026/07/11 23:18:43","2026/07/11 23:18:43"
"C:\CodexWork\kalm-recovery\reports\zero-paid-image-visual-evidence\storefront\kalm-outdoor-forge-season-and-care-kit-desktop.png","50816","2026/07/11 23:18:43","2026/07/11 23:18:43"
"C:\CodexWork\kalm-recovery\reports\zero-paid-image-visual-evidence\storefront\kalm-outdoor-forge-smash-and-steam-kit-desktop.png","49899","2026/07/11 23:18:43","2026/07/11 23:18:43"
"C:\CodexWork\kalm-recovery\reports\zero-paid-image-visual-evidence\storefront\kalm-outdoor-ridge-cast-iron-sear-system-desktop.png","53206","2026/07/11 23:18:43","2026/07/11 23:18:43"
"C:\CodexWork\kalm-recovery\reports\zero-paid-image-visual-evidence\storefront\kalm-outdoor-ridge-pro-rotisserie-kit-desktop.png","50785","2026/07/11 23:18:43","2026/07/11 23:18:43"
"C:\CodexWork\kalm-recovery\reports\zero-paid-image-visual-evidence\storefront\kalm-outdoor-ridge-smart-temperature-system-desktop.png","51870","2026/07/11 23:18:43","2026/07/11 23:18:43"
"C:\CodexWork\kalm-recovery\reports\zero-paid-image-visual-evidence\storefront\outdoor-accessory-mobile.png","23332","2026/07/11 23:18:43","2026/07/11 23:18:43"
"C:\CodexWork\kalm-recovery\reports\zero-paid-image-visual-evidence\storefront\outdoor-brand-desktop.png","27673","2026/07/11 23:18:43","2026/07/11 23:18:43"
"C:\CodexWork\kalm-recovery\reports\zero-paid-image-visual-evidence\storefront\outdoor-grid-desktop.png","46014","2026/07/11 23:18:43","2026/07/11 23:18:43"
"C:\CodexWork\kalm-recovery\reports\zero-paid-image-visual-evidence\storefront\production-outdoor-accessory-desktop.png","51618","2026/07/11 23:21:24","2026/07/11 23:21:32"
"C:\CodexWork\kalm-recovery\reports\zero-paid-image-visual-evidence\storefront\production-outdoor-accessory-mobile.png","4102","2026/07/11 23:21:54","2026/07/11 23:21:54"
"C:\CodexWork\kalm-recovery\tools\validate-kalm-outdoor-v2.mjs","3438","2026/07/11 21:17:58","2026/07/12 05:58:34"
