Item Name,SKU,Item Description,Selling Price,Product Type,Item Type,Track Inventory,Status,Unit,Sellable,Purchasable,Sales Account,Purchase Description,Purchase Price,Purchase Account,Inventory Account,Opening Stock,Opening Stock Value,Preferred Vendor,Brand,CF.Product Code,CF.Category,CF.Colour,CF.Size
KS Active Halter Back Romper - Army Green - L,KS-ARCH-P002-ARMGR-L,KS Active Archive item sold by KALM Collective. Product code: P002. Colour: Army Green. Size: L. Route: /product/ks-active-halter-back-romper,799.00,goods,Inventory,true,Active,pcs,true,true,Product Sales,KS Active Archive stock transfer from K SENTWA T/A KS ACTIVE. Product code: P002.,220.00,Cost of Goods Sold,Inventory Asset,1,220.00,K SENTWA T/A KS ACTIVE,KS Active,P002,KS Active Archive,Army Green,L
KS Active Halter Back Romper - Army Green - M,KS-ARCH-P002-ARMGR-M,KS Active Archive item sold by KALM Collective. Product code: P002. Colour: Army Green. Size: M. Route: /product/ks-active-halter-back-romper,799.00,goods,Inventory,true,Active,pcs,true,true,Product Sales,KS Active Archive stock transfer from K SENTWA T/A KS ACTIVE. Product code: P002.,220.00,Cost of Goods Sold,Inventory Asset,1,220.00,K SENTWA T/A KS ACTIVE,KS Active,P002,KS Active Archive,Army Green,M
KS Active Halter Back Romper - Army Green - S,KS-ARCH-P002-ARMGR-S,KS Active Archive item sold by KALM Collective. Product code: P002. Colour: Army Green. Size: S. Route: /product/ks-active-halter-back-romper,799.00,goods,Inventory,true,Active,pcs,true,true,Product Sales,KS Active Archive stock transfer from K SENTWA T/A KS ACTIVE. Product code: P002.,220.00,Cost of Goods Sold,Inventory Asset,1,220.00,K SENTWA T/A KS ACTIVE,KS Active,P002,KS Active Archive,Army Green,S
KS Active Halter Back Romper - Egyptian Blue - M,KS-ARCH-P002-EGYBL-M,KS Active Archive item sold by KALM Collective. Product code: P002. Colour: Egyptian Blue. Size: M. Route: /product/ks-active-halter-back-romper,799.00,goods,Inventory,true,Active,pcs,true,true,Product Sales,KS Active Archive stock transfer from K SENTWA T/A KS ACTIVE. Product code: P002.,220.00,Cost of Goods Sold,Inventory Asset,2,440.00,K SENTWA T/A KS ACTIVE,KS Active,P002,KS Active Archive,Egyptian Blue,M
KS Active Halter Back Romper - Electric Violet - M,KS-ARCH-P002-ELEVI-M,KS Active Archive item sold by KALM Collective. Product code: P002. Colour: Electric Violet. Size: M. Route: /product/ks-active-halter-back-romper,799.00,goods,Inventory,true,Active,pcs,true,true,Product Sales,KS Active Archive stock transfer from K SENTWA T/A KS ACTIVE. Product code: P002.,220.00,Cost of Goods Sold,Inventory Asset,1,220.00,K SENTWA T/A KS ACTIVE,KS Active,P002,KS Active Archive,Electric Violet,M
KS Active Halter Back Romper - Electric Violet - S,KS-ARCH-P002-ELEVI-S,KS Active Archive item sold by KALM Collective. Product code: P002. Colour: Electric Violet. Size: S. Route: /product/ks-active-halter-back-romper,799.00,goods,Inventory,true,Active,pcs,true,true,Product Sales,KS Active Archive stock transfer from K SENTWA T/A KS ACTIVE. Product code: P002.,220.00,Cost of Goods Sold,Inventory Asset,1,220.00,K SENTWA T/A KS ACTIVE,KS Active,P002,KS Active Archive,Electric Violet,S
KS Active Halter Back Romper - Imperial Red - M,KS-ARCH-P002-IMPRE-M,KS Active Archive item sold by KALM Collective. Product code: P002. Colour: Imperial Red. Size: M. Route: /product/ks-active-halter-back-romper,799.00,goods,Inventory,true,Active,pcs,true,true,Product Sales,KS Active Archive stock transfer from K SENTWA T/A KS ACTIVE. Product code: P002.,220.00,Cost of Goods Sold,Inventory Asset,1,220.00,K SENTWA T/A KS ACTIVE,KS Active,P002,KS Active Archive,Imperial Red,M
KS Active Halter Back Romper - Imperial Red - S,KS-ARCH-P002-IMPRE-S,KS Active Archive item sold by KALM Collective. Product code: P002. Colour: Imperial Red. Size: S. Route: /product/ks-active-halter-back-romper,799.00,goods,Inventory,true,Active,pcs,true,true,Product Sales,KS Active Archive stock transfer from K SENTWA T/A KS ACTIVE. Product code: P002.,220.00,Cost of Goods Sold,Inventory Asset,1,220.00,K SENTWA T/A KS ACTIVE,KS Active,P002,KS Active Archive,Imperial Red,S
KS Active Halter Back Romper - Midnight Black - L,KS-ARCH-P002-MIDBL-L,KS Active Archive item sold by KALM Collective. Product code: P002. Colour: Midnight Black. Size: L. Route: /product/ks-active-halter-back-romper,799.00,goods,Inventory,true,Active,pcs,true,true,Product Sales,KS Active Archive stock transfer from K SENTWA T/A KS ACTIVE. Product code: P002.,220.00,Cost of Goods Sold,Inventory Asset,1,220.00,K SENTWA T/A KS ACTIVE,KS Active,P002,KS Active Archive,Midnight Black,L
KS Active Halter Back Romper - Midnight Black - M,KS-ARCH-P002-MIDBL-M,KS Active Archive item sold by KALM Collective. Product code: P002. Colour: Midnight Black. Size: M. Route: /product/ks-active-halter-back-romper,799.00,goods,Inventory,true,Active,pcs,true,true,Product Sales,KS Active Archive stock transfer from K SENTWA T/A KS ACTIVE. Product code: P002.,220.00,Cost of Goods Sold,Inventory Asset,1,220.00,K SENTWA T/A KS ACTIVE,KS Active,P002,KS Active Archive,Midnight Black,M
KS Active Rib Scrunch Legging - Ash Gray - L,KS-ARCH-P003-ASHGR-L,KS Active Archive item sold by KALM Collective. Product code: P003. Colour: Ash Gray. Size: L. Route: /product/ks-active-rib-scrunch-legging,499.00,goods,Inventory,true,Active,pcs,true,true,Product Sales,KS Active Archive stock transfer from K SENTWA T/A KS ACTIVE. Product code: P003.,160.00,Cost of Goods Sold,Inventory Asset,1,160.00,K SENTWA T/A KS ACTIVE,KS Active,P003,KS Active Archive,Ash Gray,L
KS Active Rib Scrunch Legging - Ash Gray - M,KS-ARCH-P003-ASHGR-M,KS Active Archive item sold by KALM Collective. Product code: P003. Colour: Ash Gray. Size: M. Route: /product/ks-active-rib-scrunch-legging,499.00,goods,Inventory,true,Active,pcs,true,true,Product Sales,KS Active Archive stock transfer from K SENTWA T/A KS ACTIVE. Product code: P003.,160.00,Cost of Goods Sold,Inventory Asset,1,160.00,K SENTWA T/A KS ACTIVE,KS Active,P003,KS Active Archive,Ash Gray,M
KS Active Rib Scrunch Legging - Ash Gray - S,KS-ARCH-P003-ASHGR-S,KS Active Archive item sold by KALM Collective. Product code: P003. Colour: Ash Gray. Size: S. Route: /product/ks-active-rib-scrunch-legging,499.00,goods,Inventory,true,Active,pcs,true,true,Product Sales,KS Active Archive stock transfer from K SENTWA T/A KS ACTIVE. Product code: P003.,160.00,Cost of Goods Sold,Inventory Asset,1,160.00,K SENTWA T/A KS ACTIVE,KS Active,P003,KS Active Archive,Ash Gray,S
KS Active Rib Scrunch Legging - Black - L,KS-ARCH-P003-BLCKB-L,KS Active Archive item sold by KALM Collective. Product code: P003. Colour: Black. Size: L. Route: /product/ks-active-rib-scrunch-legging,499.00,goods,Inventory,true,Active,pcs,true,true,Product Sales,KS Active Archive stock transfer from K SENTWA T/A KS ACTIVE. Product code: P003.,160.00,Cost of Goods Sold,Inventory Asset,1,160.00,K SENTWA T/A KS ACTIVE,KS Active,P003,KS Active Archive,Black,L
KS Active Rib Scrunch Legging - Black - S,KS-ARCH-P003-BLCKB-M,KS Active Archive item sold by KALM Collective. Product code: P003. Colour: Black. Size: S. Route: /product/ks-active-rib-scrunch-legging,499.00,goods,Inventory,true,Active,pcs,true,true,Product Sales,KS Active Archive stock transfer from K SENTWA T/A KS ACTIVE. Product code: P003.,160.00,Cost of Goods Sold,Inventory Asset,1,160.00,K SENTWA T/A KS ACTIVE,KS Active,P003,KS Active Archive,Black,S
KS Active Rib Scrunch Legging - Chestnut - L,KS-ARCH-P003-CHSTN-L,KS Active Archive item sold by KALM Collective. Product code: P003. Colour: Chestnut. Size: L. Route: /product/ks-active-rib-scrunch-legging,499.00,goods,Inventory,true,Active,pcs,true,true,Product Sales,KS Active Archive stock transfer from K SENTWA T/A KS ACTIVE. Product code: P003.,160.00,Cost of Goods Sold,Inventory Asset,1,160.00,K SENTWA T/A KS ACTIVE,KS Active,P003,KS Active Archive,Chestnut,L
KS Active Rib Scrunch Legging - Chestnut - M,KS-ARCH-P003-CHSTN-M,KS Active Archive item sold by KALM Collective. Product code: P003. Colour: Chestnut. Size: M. Route: /product/ks-active-rib-scrunch-legging,499.00,goods,Inventory,true,Active,pcs,true,true,Product Sales,KS Active Archive stock transfer from K SENTWA T/A KS ACTIVE. Product code: P003.,160.00,Cost of Goods Sold,Inventory Asset,1,160.00,K SENTWA T/A KS ACTIVE,KS Active,P003,KS Active Archive,Chestnut,M
KS Active Rib Scrunch Legging - French Rose - L,KS-ARCH-P003-FRERO-L,KS Active Archive item sold by KALM Collective. Product code: P003. Colour: French Rose. Size: L. Route: /product/ks-active-rib-scrunch-legging,499.00,goods,Inventory,true,Active,pcs,true,true,Product Sales,KS Active Archive stock transfer from K SENTWA T/A KS ACTIVE. Product code: P003.,160.00,Cost of Goods Sold,Inventory Asset,1,160.00,K SENTWA T/A KS ACTIVE,KS Active,P003,KS Active Archive,French Rose,L
KS Active Rib Scrunch Legging - French Rose - M,KS-ARCH-P003-FRERO-M,KS Active Archive item sold by KALM Collective. Product code: P003. Colour: French Rose. Size: M. Route: /product/ks-active-rib-scrunch-legging,499.00,goods,Inventory,true,Active,pcs,true,true,Product Sales,KS Active Archive stock transfer from K SENTWA T/A KS ACTIVE. Product code: P003.,160.00,Cost of Goods Sold,Inventory Asset,2,320.00,K SENTWA T/A KS ACTIVE,KS Active,P003,KS Active Archive,French Rose,M
KS Active Rib Scrunch Legging - Sky Blue - L,KS-ARCH-P003-SKYBL-L,KS Active Archive item sold by KALM Collective. Product code: P003. Colour: Sky Blue. Size: L. Route: /product/ks-active-rib-scrunch-legging,499.00,goods,Inventory,true,Active,pcs,true,true,Product Sales,KS Active Archive stock transfer from K SENTWA T/A KS ACTIVE. Product code: P003.,160.00,Cost of Goods Sold,Inventory Asset,1,160.00,K SENTWA T/A KS ACTIVE,KS Active,P003,KS Active Archive,Sky Blue,L
KS Active Rib Scrunch Legging - Sky Blue - M,KS-ARCH-P003-SKYBL-M,KS Active Archive item sold by KALM Collective. Product code: P003. Colour: Sky Blue. Size: M. Route: /product/ks-active-rib-scrunch-legging,499.00,goods,Inventory,true,Active,pcs,true,true,Product Sales,KS Active Archive stock transfer from K SENTWA T/A KS ACTIVE. Product code: P003.,160.00,Cost of Goods Sold,Inventory Asset,1,160.00,K SENTWA T/A KS ACTIVE,KS Active,P003,KS Active Archive,Sky Blue,M
KS Active Rib Scrunch Legging - Sky Blue - S,KS-ARCH-P003-SKYBL-S,KS Active Archive item sold by KALM Collective. Product code: P003. Colour: Sky Blue. Size: S. Route: /product/ks-active-rib-scrunch-legging,499.00,goods,Inventory,true,Active,pcs,true,true,Product Sales,KS Active Archive stock transfer from K SENTWA T/A KS ACTIVE. Product code: P003.,160.00,Cost of Goods Sold,Inventory Asset,1,160.00,K SENTWA T/A KS ACTIVE,KS Active,P003,KS Active Archive,Sky Blue,S
KS Active Cutout Crossback Bra - Imperial Red - L,KS-ARCH-P010-IMPRE-L,KS Active Archive item sold by KALM Collective. Product code: P010. Colour: Imperial Red. Size: L. Route: /product/ks-active-cutout-crossback-bra,399.00,goods,Inventory,true,Active,pcs,true,true,Product Sales,KS Active Archive stock transfer from K SENTWA T/A KS ACTIVE. Product code: P010.,130.00,Cost of Goods Sold,Inventory Asset,1,130.00,K SENTWA T/A KS ACTIVE,KS Active,P010,KS Active Archive,Imperial Red,L
KS Active Cutout Crossback Bra - Imperial Red - S,KS-ARCH-P010-IMPRE-S,KS Active Archive item sold by KALM Collective. Product code: P010. Colour: Imperial Red. Size: S. Route: /product/ks-active-cutout-crossback-bra,399.00,goods,Inventory,true,Active,pcs,true,true,Product Sales,KS Active Archive stock transfer from K SENTWA T/A KS ACTIVE. Product code: P010.,130.00,Cost of Goods Sold,Inventory Asset,1,130.00,K SENTWA T/A KS ACTIVE,KS Active,P010,KS Active Archive,Imperial Red,S
KS Active Cutout Crossback Bra - Peach Yellow - M,KS-ARCH-P010-PEAYE-M,KS Active Archive item sold by KALM Collective. Product code: P010. Colour: Peach Yellow. Size: M. Route: /product/ks-active-cutout-crossback-bra,399.00,goods,Inventory,true,Active,pcs,true,true,Product Sales,KS Active Archive stock transfer from K SENTWA T/A KS ACTIVE. Product code: P010.,130.00,Cost of Goods Sold,Inventory Asset,1,130.00,K SENTWA T/A KS ACTIVE,KS Active,P010,KS Active Archive,Peach Yellow,M
KS Active Cutout Crossback Bra - Peach Yellow - S,KS-ARCH-P010-PEAYE-S,KS Active Archive item sold by KALM Collective. Product code: P010. Colour: Peach Yellow. Size: S. Route: /product/ks-active-cutout-crossback-bra,399.00,goods,Inventory,true,Active,pcs,true,true,Product Sales,KS Active Archive stock transfer from K SENTWA T/A KS ACTIVE. Product code: P010.,130.00,Cost of Goods Sold,Inventory Asset,1,130.00,K SENTWA T/A KS ACTIVE,KS Active,P010,KS Active Archive,Peach Yellow,S
KS Active Cutout Crossback Bra - Pearl Gray - M,KS-ARCH-P010-PEAGR-M,KS Active Archive item sold by KALM Collective. Product code: P010. Colour: Pearl Gray. Size: M. Route: /product/ks-active-cutout-crossback-bra,399.00,goods,Inventory,true,Active,pcs,true,true,Product Sales,KS Active Archive stock transfer from K SENTWA T/A KS ACTIVE. Product code: P010.,130.00,Cost of Goods Sold,Inventory Asset,1,130.00,K SENTWA T/A KS ACTIVE,KS Active,P010,KS Active Archive,Pearl Gray,M
KS Active Cutout Crossback Bra - Pearl Gray - S,KS-ARCH-P010-PEAGR-S,KS Active Archive item sold by KALM Collective. Product code: P010. Colour: Pearl Gray. Size: S. Route: /product/ks-active-cutout-crossback-bra,399.00,goods,Inventory,true,Active,pcs,true,true,Product Sales,KS Active Archive stock transfer from K SENTWA T/A KS ACTIVE. Product code: P010.,130.00,Cost of Goods Sold,Inventory Asset,1,130.00,K SENTWA T/A KS ACTIVE,KS Active,P010,KS Active Archive,Pearl Gray,S
KS Active Scrunch Seamless Short - Egyptian Blue - L,KS-ARCH-P012-EGYBL-L,KS Active Archive item sold by KALM Collective. Product code: P012. Colour: Egyptian Blue. Size: L. Route: /product/ks-active-scrunch-seamless-short,399.00,goods,Inventory,true,Active,pcs,true,true,Product Sales,KS Active Archive stock transfer from K SENTWA T/A KS ACTIVE. Product code: P012.,130.00,Cost of Goods Sold,Inventory Asset,1,130.00,K SENTWA T/A KS ACTIVE,KS Active,P012,KS Active Archive,Egyptian Blue,L
KS Active Scrunch Seamless Short - Egyptian Blue - M,KS-ARCH-P012-EGYBL-M,KS Active Archive item sold by KALM Collective. Product code: P012. Colour: Egyptian Blue. Size: M. Route: /product/ks-active-scrunch-seamless-short,399.00,goods,Inventory,true,Active,pcs,true,true,Product Sales,KS Active Archive stock transfer from K SENTWA T/A KS ACTIVE. Product code: P012.,130.00,Cost of Goods Sold,Inventory Asset,1,130.00,K SENTWA T/A KS ACTIVE,KS Active,P012,KS Active Archive,Egyptian Blue,M
KS Active Scrunch Seamless Short - Imperial Red - L,KS-ARCH-P012-IMPRE-L,KS Active Archive item sold by KALM Collective. Product code: P012. Colour: Imperial Red. Size: L. Route: /product/ks-active-scrunch-seamless-short,399.00,goods,Inventory,true,Active,pcs,true,true,Product Sales,KS Active Archive stock transfer from K SENTWA T/A KS ACTIVE. Product code: P012.,130.00,Cost of Goods Sold,Inventory Asset,1,130.00,K SENTWA T/A KS ACTIVE,KS Active,P012,KS Active Archive,Imperial Red,L
KS Active Scrunch Seamless Short - Imperial Red - S,KS-ARCH-P012-IMPRE-S,KS Active Archive item sold by KALM Collective. Product code: P012. Colour: Imperial Red. Size: S. Route: /product/ks-active-scrunch-seamless-short,399.00,goods,Inventory,true,Active,pcs,true,true,Product Sales,KS Active Archive stock transfer from K SENTWA T/A KS ACTIVE. Product code: P012.,130.00,Cost of Goods Sold,Inventory Asset,1,130.00,K SENTWA T/A KS ACTIVE,KS Active,P012,KS Active Archive,Imperial Red,S
KS Active Scrunch Seamless Short - Peach Yellow - L,KS-ARCH-P012-PEAYE-L,KS Active Archive item sold by KALM Collective. Product code: P012. Colour: Peach Yellow. Size: L. Route: /product/ks-active-scrunch-seamless-short,399.00,goods,Inventory,true,Active,pcs,true,true,Product Sales,KS Active Archive stock transfer from K SENTWA T/A KS ACTIVE. Product code: P012.,130.00,Cost of Goods Sold,Inventory Asset,1,130.00,K SENTWA T/A KS ACTIVE,KS Active,P012,KS Active Archive,Peach Yellow,L
KS Active Scrunch Seamless Short - Peach Yellow - M,KS-ARCH-P012-PEAYE-M,KS Active Archive item sold by KALM Collective. Product code: P012. Colour: Peach Yellow. Size: M. Route: /product/ks-active-scrunch-seamless-short,399.00,goods,Inventory,true,Active,pcs,true,true,Product Sales,KS Active Archive stock transfer from K SENTWA T/A KS ACTIVE. Product code: P012.,130.00,Cost of Goods Sold,Inventory Asset,1,130.00,K SENTWA T/A KS ACTIVE,KS Active,P012,KS Active Archive,Peach Yellow,M
KS Active Scrunch Seamless Short - Peach Yellow - S,KS-ARCH-P012-PEAYE-S,KS Active Archive item sold by KALM Collective. Product code: P012. Colour: Peach Yellow. Size: S. Route: /product/ks-active-scrunch-seamless-short,399.00,goods,Inventory,true,Active,pcs,true,true,Product Sales,KS Active Archive stock transfer from K SENTWA T/A KS ACTIVE. Product code: P012.,130.00,Cost of Goods Sold,Inventory Asset,1,130.00,K SENTWA T/A KS ACTIVE,KS Active,P012,KS Active Archive,Peach Yellow,S
KS Active Scrunch Seamless Short - Pearl Gray - S,KS-ARCH-P012-PEAGR-S,KS Active Archive item sold by KALM Collective. Product code: P012. Colour: Pearl Gray. Size: S. Route: /product/ks-active-scrunch-seamless-short,399.00,goods,Inventory,true,Active,pcs,true,true,Product Sales,KS Active Archive stock transfer from K SENTWA T/A KS ACTIVE. Product code: P012.,130.00,Cost of Goods Sold,Inventory Asset,1,130.00,K SENTWA T/A KS ACTIVE,KS Active,P012,KS Active Archive,Pearl Gray,S
KS Active Cutout Seamless Bra - Black - L,KS-ARCH-P019-BLCKB-L,KS Active Archive item sold by KALM Collective. Product code: P019. Colour: Black. Size: L. Route: /product/ks-active-cutout-seamless-bra,399.00,goods,Inventory,true,Active,pcs,true,true,Product Sales,KS Active Archive stock transfer from K SENTWA T/A KS ACTIVE. Product code: P019.,130.00,Cost of Goods Sold,Inventory Asset,1,130.00,K SENTWA T/A KS ACTIVE,KS Active,P019,KS Active Archive,Black,L
KS Active Cutout Seamless Bra - Black - S,KS-ARCH-P019-BLCKB-S,KS Active Archive item sold by KALM Collective. Product code: P019. Colour: Black. Size: S. Route: /product/ks-active-cutout-seamless-bra,399.00,goods,Inventory,true,Active,pcs,true,true,Product Sales,KS Active Archive stock transfer from K SENTWA T/A KS ACTIVE. Product code: P019.,130.00,Cost of Goods Sold,Inventory Asset,1,130.00,K SENTWA T/A KS ACTIVE,KS Active,P019,KS Active Archive,Black,S
KS Active Cutout Seamless Bra - Desert Gold - L,KS-ARCH-P019-DESGO-L,KS Active Archive item sold by KALM Collective. Product code: P019. Colour: Desert Gold. Size: L. Route: /product/ks-active-cutout-seamless-bra,399.00,goods,Inventory,true,Active,pcs,true,true,Product Sales,KS Active Archive stock transfer from K SENTWA T/A KS ACTIVE. Product code: P019.,130.00,Cost of Goods Sold,Inventory Asset,1,130.00,K SENTWA T/A KS ACTIVE,KS Active,P019,KS Active Archive,Desert Gold,L
KS Active Cutout Seamless Bra - Desert Gold - M,KS-ARCH-P019-DESGO-M,KS Active Archive item sold by KALM Collective. Product code: P019. Colour: Desert Gold. Size: M. Route: /product/ks-active-cutout-seamless-bra,399.00,goods,Inventory,true,Active,pcs,true,true,Product Sales,KS Active Archive stock transfer from K SENTWA T/A KS ACTIVE. Product code: P019.,130.00,Cost of Goods Sold,Inventory Asset,1,130.00,K SENTWA T/A KS ACTIVE,KS Active,P019,KS Active Archive,Desert Gold,M
KS Active Cutout Seamless Bra - Desert Gold - S,KS-ARCH-P019-DESGO-S,KS Active Archive item sold by KALM Collective. Product code: P019. Colour: Desert Gold. Size: S. Route: /product/ks-active-cutout-seamless-bra,399.00,goods,Inventory,true,Active,pcs,true,true,Product Sales,KS Active Archive stock transfer from K SENTWA T/A KS ACTIVE. Product code: P019.,130.00,Cost of Goods Sold,Inventory Asset,1,130.00,K SENTWA T/A KS ACTIVE,KS Active,P019,KS Active Archive,Desert Gold,S
KS Active Cutout Seamless Bra - Steel - S,KS-ARCH-P019-STLST-S,KS Active Archive item sold by KALM Collective. Product code: P019. Colour: Steel. Size: S. Route: /product/ks-active-cutout-seamless-bra,399.00,goods,Inventory,true,Active,pcs,true,true,Product Sales,KS Active Archive stock transfer from K SENTWA T/A KS ACTIVE. Product code: P019.,130.00,Cost of Goods Sold,Inventory Asset,1,130.00,K SENTWA T/A KS ACTIVE,KS Active,P019,KS Active Archive,Steel,S
KS Active Crossback Seamless Bra - Apricot - L,KS-ARCH-P020-APRCT-L,KS Active Archive item sold by KALM Collective. Product code: P020. Colour: Apricot. Size: L. Route: /product/ks-active-crossback-seamless-bra,399.00,goods,Inventory,true,Active,pcs,true,true,Product Sales,KS Active Archive stock transfer from K SENTWA T/A KS ACTIVE. Product code: P020.,160.00,Cost of Goods Sold,Inventory Asset,1,160.00,K SENTWA T/A KS ACTIVE,KS Active,P020,KS Active Archive,Apricot,L
KS Active Crossback Seamless Bra - Apricot - M,KS-ARCH-P020-APRCT-M,KS Active Archive item sold by KALM Collective. Product code: P020. Colour: Apricot. Size: M. Route: /product/ks-active-crossback-seamless-bra,399.00,goods,Inventory,true,Active,pcs,true,true,Product Sales,KS Active Archive stock transfer from K SENTWA T/A KS ACTIVE. Product code: P020.,160.00,Cost of Goods Sold,Inventory Asset,1,160.00,K SENTWA T/A KS ACTIVE,KS Active,P020,KS Active Archive,Apricot,M
KS Active Crossback Seamless Bra - Apricot - S,KS-ARCH-P020-APRCT-S,KS Active Archive item sold by KALM Collective. Product code: P020. Colour: Apricot. Size: S. Route: /product/ks-active-crossback-seamless-bra,399.00,goods,Inventory,true,Active,pcs,true,true,Product Sales,KS Active Archive stock transfer from K SENTWA T/A KS ACTIVE. Product code: P020.,160.00,Cost of Goods Sold,Inventory Asset,1,160.00,K SENTWA T/A KS ACTIVE,KS Active,P020,KS Active Archive,Apricot,S
KS Active Crossback Seamless Bra - Egyptian Blue - L,KS-ARCH-P020-EGYBL-L,KS Active Archive item sold by KALM Collective. Product code: P020. Colour: Egyptian Blue. Size: L. Route: /product/ks-active-crossback-seamless-bra,399.00,goods,Inventory,true,Active,pcs,true,true,Product Sales,KS Active Archive stock transfer from K SENTWA T/A KS ACTIVE. Product code: P020.,160.00,Cost of Goods Sold,Inventory Asset,1,160.00,K SENTWA T/A KS ACTIVE,KS Active,P020,KS Active Archive,Egyptian Blue,L
KS Active Crossback Seamless Bra - Egyptian Blue - M,KS-ARCH-P020-EGYBL-M,KS Active Archive item sold by KALM Collective. Product code: P020. Colour: Egyptian Blue. Size: M. Route: /product/ks-active-crossback-seamless-bra,399.00,goods,Inventory,true,Active,pcs,true,true,Product Sales,KS Active Archive stock transfer from K SENTWA T/A KS ACTIVE. Product code: P020.,160.00,Cost of Goods Sold,Inventory Asset,1,160.00,K SENTWA T/A KS ACTIVE,KS Active,P020,KS Active Archive,Egyptian Blue,M
KS Active Crossback Seamless Bra - Egyptian Blue - S,KS-ARCH-P020-EGYBL-S,KS Active Archive item sold by KALM Collective. Product code: P020. Colour: Egyptian Blue. Size: S. Route: /product/ks-active-crossback-seamless-bra,399.00,goods,Inventory,true,Active,pcs,true,true,Product Sales,KS Active Archive stock transfer from K SENTWA T/A KS ACTIVE. Product code: P020.,160.00,Cost of Goods Sold,Inventory Asset,1,160.00,K SENTWA T/A KS ACTIVE,KS Active,P020,KS Active Archive,Egyptian Blue,S
KS Active Crossback Seamless Bra - Peach - L,KS-ARCH-P020-PCHPE-L,KS Active Archive item sold by KALM Collective. Product code: P020. Colour: Peach. Size: L. Route: /product/ks-active-crossback-seamless-bra,399.00,goods,Inventory,true,Active,pcs,true,true,Product Sales,KS Active Archive stock transfer from K SENTWA T/A KS ACTIVE. Product code: P020.,160.00,Cost of Goods Sold,Inventory Asset,1,160.00,K SENTWA T/A KS ACTIVE,KS Active,P020,KS Active Archive,Peach,L
KS Active Crossback Seamless Bra - Peach - M,KS-ARCH-P020-PCHPE-M,KS Active Archive item sold by KALM Collective. Product code: P020. Colour: Peach. Size: M. Route: /product/ks-active-crossback-seamless-bra,399.00,goods,Inventory,true,Active,pcs,true,true,Product Sales,KS Active Archive stock transfer from K SENTWA T/A KS ACTIVE. Product code: P020.,160.00,Cost of Goods Sold,Inventory Asset,1,160.00,K SENTWA T/A KS ACTIVE,KS Active,P020,KS Active Archive,Peach,M
KS Active Crossback Seamless Bra - Peach - S,KS-ARCH-P020-PCHPE-S,KS Active Archive item sold by KALM Collective. Product code: P020. Colour: Peach. Size: S. Route: /product/ks-active-crossback-seamless-bra,399.00,goods,Inventory,true,Active,pcs,true,true,Product Sales,KS Active Archive stock transfer from K SENTWA T/A KS ACTIVE. Product code: P020.,160.00,Cost of Goods Sold,Inventory Asset,1,160.00,K SENTWA T/A KS ACTIVE,KS Active,P020,KS Active Archive,Peach,S
KS Active Crossback Seamless Bra - Sapphire - L,KS-ARCH-P020-SPPHR-L,KS Active Archive item sold by KALM Collective. Product code: P020. Colour: Sapphire. Size: L. Route: /product/ks-active-crossback-seamless-bra,399.00,goods,Inventory,true,Active,pcs,true,true,Product Sales,KS Active Archive stock transfer from K SENTWA T/A KS ACTIVE. Product code: P020.,160.00,Cost of Goods Sold,Inventory Asset,1,160.00,K SENTWA T/A KS ACTIVE,KS Active,P020,KS Active Archive,Sapphire,L
KS Active Crossback Seamless Bra - Sapphire - M,KS-ARCH-P020-SPPHR-M,KS Active Archive item sold by KALM Collective. Product code: P020. Colour: Sapphire. Size: M. Route: /product/ks-active-crossback-seamless-bra,399.00,goods,Inventory,true,Active,pcs,true,true,Product Sales,KS Active Archive stock transfer from K SENTWA T/A KS ACTIVE. Product code: P020.,160.00,Cost of Goods Sold,Inventory Asset,1,160.00,K SENTWA T/A KS ACTIVE,KS Active,P020,KS Active Archive,Sapphire,M
KS Active Crossback Seamless Bra - Sapphire - S,KS-ARCH-P020-SPPHR-S,KS Active Archive item sold by KALM Collective. Product code: P020. Colour: Sapphire. Size: S. Route: /product/ks-active-crossback-seamless-bra,399.00,goods,Inventory,true,Active,pcs,true,true,Product Sales,KS Active Archive stock transfer from K SENTWA T/A KS ACTIVE. Product code: P020.,160.00,Cost of Goods Sold,Inventory Asset,1,160.00,K SENTWA T/A KS ACTIVE,KS Active,P020,KS Active Archive,Sapphire,S
KS Active High-Waist Seamless Short - Electric Violet - M,KS-ARCH-P026-ELEVI-M,KS Active Archive item sold by KALM Collective. Product code: P026. Colour: Electric Violet. Size: M. Route: /product/ks-active-high-waist-seamless-short,419.00,goods,Inventory,true,Active,pcs,true,true,Product Sales,KS Active Archive stock transfer from K SENTWA T/A KS ACTIVE. Product code: P026.,100.00,Cost of Goods Sold,Inventory Asset,1,100.00,K SENTWA T/A KS ACTIVE,KS Active,P026,KS Active Archive,Electric Violet,M
KS Active High-Waist Seamless Short - Flamingo - S,KS-ARCH-P026-FLMNG-S,KS Active Archive item sold by KALM Collective. Product code: P026. Colour: Flamingo. Size: S. Route: /product/ks-active-high-waist-seamless-short,419.00,goods,Inventory,true,Active,pcs,true,true,Product Sales,KS Active Archive stock transfer from K SENTWA T/A KS ACTIVE. Product code: P026.,100.00,Cost of Goods Sold,Inventory Asset,1,100.00,K SENTWA T/A KS ACTIVE,KS Active,P026,KS Active Archive,Flamingo,S
KS Active High-Waist Seamless Short - True Purple - M,KS-ARCH-P026-TRUPU-M,KS Active Archive item sold by KALM Collective. Product code: P026. Colour: True Purple. Size: M. Route: /product/ks-active-high-waist-seamless-short,419.00,goods,Inventory,true,Active,pcs,true,true,Product Sales,KS Active Archive stock transfer from K SENTWA T/A KS ACTIVE. Product code: P026.,100.00,Cost of Goods Sold,Inventory Asset,1,100.00,K SENTWA T/A KS ACTIVE,KS Active,P026,KS Active Archive,True Purple,M
KS Active Curve Seam Legging - Espresso - L,KS-ARCH-P027-ESPRS-L,KS Active Archive item sold by KALM Collective. Product code: P027. Colour: Espresso. Size: L. Route: /product/ks-active-curve-seam-legging,499.00,goods,Inventory,true,Active,pcs,true,true,Product Sales,KS Active Archive stock transfer from K SENTWA T/A KS ACTIVE. Product code: P027.,149.35,Cost of Goods Sold,Inventory Asset,2,298.70,K SENTWA T/A KS ACTIVE,KS Active,P027,KS Active Archive,Espresso,L
KS Active Curve Seam Legging - Espresso - M,KS-ARCH-P027-ESPRS-M,KS Active Archive item sold by KALM Collective. Product code: P027. Colour: Espresso. Size: M. Route: /product/ks-active-curve-seam-legging,499.00,goods,Inventory,true,Active,pcs,true,true,Product Sales,KS Active Archive stock transfer from K SENTWA T/A KS ACTIVE. Product code: P027.,149.35,Cost of Goods Sold,Inventory Asset,1,149.35,K SENTWA T/A KS ACTIVE,KS Active,P027,KS Active Archive,Espresso,M
KS Active Curve Seam Legging - Forest Green - M,KS-ARCH-P027-FORGR-M,KS Active Archive item sold by KALM Collective. Product code: P027. Colour: Forest Green. Size: M. Route: /product/ks-active-curve-seam-legging,499.00,goods,Inventory,true,Active,pcs,true,true,Product Sales,KS Active Archive stock transfer from K SENTWA T/A KS ACTIVE. Product code: P027.,149.35,Cost of Goods Sold,Inventory Asset,1,149.35,K SENTWA T/A KS ACTIVE,KS Active,P027,KS Active Archive,Forest Green,M
KS Active Curve Seam Legging - Forest Green - S,KS-ARCH-P027-FORGR-S,KS Active Archive item sold by KALM Collective. Product code: P027. Colour: Forest Green. Size: S. Route: /product/ks-active-curve-seam-legging,499.00,goods,Inventory,true,Active,pcs,true,true,Product Sales,KS Active Archive stock transfer from K SENTWA T/A KS ACTIVE. Product code: P027.,149.35,Cost of Goods Sold,Inventory Asset,1,149.35,K SENTWA T/A KS ACTIVE,KS Active,P027,KS Active Archive,Forest Green,S
KS Active Curve Seam Legging - Olive - M,KS-ARCH-P027-OLVOL-M,KS Active Archive item sold by KALM Collective. Product code: P027. Colour: Olive. Size: M. Route: /product/ks-active-curve-seam-legging,499.00,goods,Inventory,true,Active,pcs,true,true,Product Sales,KS Active Archive stock transfer from K SENTWA T/A KS ACTIVE. Product code: P027.,149.35,Cost of Goods Sold,Inventory Asset,1,149.35,K SENTWA T/A KS ACTIVE,KS Active,P027,KS Active Archive,Olive,M
KS Active Curve Seam Legging - Olive - S,KS-ARCH-P027-OLVOL-S,KS Active Archive item sold by KALM Collective. Product code: P027. Colour: Olive. Size: S. Route: /product/ks-active-curve-seam-legging,499.00,goods,Inventory,true,Active,pcs,true,true,Product Sales,KS Active Archive stock transfer from K SENTWA T/A KS ACTIVE. Product code: P027.,149.35,Cost of Goods Sold,Inventory Asset,1,149.35,K SENTWA T/A KS ACTIVE,KS Active,P027,KS Active Archive,Olive,S
KS Active High-Waist Seamless Legging - Electric Violet - S,KS-ARCH-P028-ELEVI-S,KS Active Archive item sold by KALM Collective. Product code: P028. Colour: Electric Violet. Size: S. Route: /product/ks-active-high-waist-seamless-legging,529.00,goods,Inventory,true,Active,pcs,true,true,Product Sales,KS Active Archive stock transfer from K SENTWA T/A KS ACTIVE. Product code: P028.,140.00,Cost of Goods Sold,Inventory Asset,1,140.00,K SENTWA T/A KS ACTIVE,KS Active,P028,KS Active Archive,Electric Violet,S
KS Active High-Waist Seamless Legging - True Purple - S,KS-ARCH-P028-TRUPU-S,KS Active Archive item sold by KALM Collective. Product code: P028. Colour: True Purple. Size: S. Route: /product/ks-active-high-waist-seamless-legging,529.00,goods,Inventory,true,Active,pcs,true,true,Product Sales,KS Active Archive stock transfer from K SENTWA T/A KS ACTIVE. Product code: P028.,140.00,Cost of Goods Sold,Inventory Asset,1,140.00,K SENTWA T/A KS ACTIVE,KS Active,P028,KS Active Archive,True Purple,S
KS Active Crisscross Back Bra - Black - L,KS-ARCH-P030-BLCKB-L,KS Active Archive item sold by KALM Collective. Product code: P030. Colour: Black. Size: L. Route: /product/ks-active-crisscross-back-bra,479.00,goods,Inventory,true,Active,pcs,true,true,Product Sales,KS Active Archive stock transfer from K SENTWA T/A KS ACTIVE. Product code: P030.,120.00,Cost of Goods Sold,Inventory Asset,1,120.00,K SENTWA T/A KS ACTIVE,KS Active,P030,KS Active Archive,Black,L
KS Active Crisscross Back Bra - True Purple - S,KS-ARCH-P030-TRUPU-S,KS Active Archive item sold by KALM Collective. Product code: P030. Colour: True Purple. Size: S. Route: /product/ks-active-crisscross-back-bra,479.00,goods,Inventory,true,Active,pcs,true,true,Product Sales,KS Active Archive stock transfer from K SENTWA T/A KS ACTIVE. Product code: P030.,120.00,Cost of Goods Sold,Inventory Asset,1,120.00,K SENTWA T/A KS ACTIVE,KS Active,P030,KS Active Archive,True Purple,S
KS Active Panel Seamless Legging - Azure Blue - L,KS-ARCH-P033-AZUBL-L,KS Active Archive item sold by KALM Collective. Product code: P033. Colour: Azure Blue. Size: L. Route: /product/ks-active-panel-seamless-legging,529.00,goods,Inventory,true,Active,pcs,true,true,Product Sales,KS Active Archive stock transfer from K SENTWA T/A KS ACTIVE. Product code: P033.,149.35,Cost of Goods Sold,Inventory Asset,1,149.35,K SENTWA T/A KS ACTIVE,KS Active,P033,KS Active Archive,Azure Blue,L
KS Active Panel Seamless Legging - Azure Blue - M,KS-ARCH-P033-AZUBL-M,KS Active Archive item sold by KALM Collective. Product code: P033. Colour: Azure Blue. Size: M. Route: /product/ks-active-panel-seamless-legging,529.00,goods,Inventory,true,Active,pcs,true,true,Product Sales,KS Active Archive stock transfer from K SENTWA T/A KS ACTIVE. Product code: P033.,149.35,Cost of Goods Sold,Inventory Asset,1,149.35,K SENTWA T/A KS ACTIVE,KS Active,P033,KS Active Archive,Azure Blue,M
KS Active Panel Seamless Legging - Azure Blue - S,KS-ARCH-P033-AZUBL-S,KS Active Archive item sold by KALM Collective. Product code: P033. Colour: Azure Blue. Size: S. Route: /product/ks-active-panel-seamless-legging,529.00,goods,Inventory,true,Active,pcs,true,true,Product Sales,KS Active Archive stock transfer from K SENTWA T/A KS ACTIVE. Product code: P033.,149.35,Cost of Goods Sold,Inventory Asset,1,149.35,K SENTWA T/A KS ACTIVE,KS Active,P033,KS Active Archive,Azure Blue,S
KS Active Panel Seamless Legging - Byzantine Violet - L,KS-ARCH-P033-BYZVI-L,KS Active Archive item sold by KALM Collective. Product code: P033. Colour: Byzantine Violet. Size: L. Route: /product/ks-active-panel-seamless-legging,529.00,goods,Inventory,true,Active,pcs,true,true,Product Sales,KS Active Archive stock transfer from K SENTWA T/A KS ACTIVE. Product code: P033.,149.35,Cost of Goods Sold,Inventory Asset,1,149.35,K SENTWA T/A KS ACTIVE,KS Active,P033,KS Active Archive,Byzantine Violet,L
KS Active Panel Seamless Legging - Byzantine Violet - M,KS-ARCH-P033-BYZVI-M,KS Active Archive item sold by KALM Collective. Product code: P033. Colour: Byzantine Violet. Size: M. Route: /product/ks-active-panel-seamless-legging,529.00,goods,Inventory,true,Active,pcs,true,true,Product Sales,KS Active Archive stock transfer from K SENTWA T/A KS ACTIVE. Product code: P033.,149.35,Cost of Goods Sold,Inventory Asset,1,149.35,K SENTWA T/A KS ACTIVE,KS Active,P033,KS Active Archive,Byzantine Violet,M
KS Active Panel Seamless Legging - Cinnamon - M,KS-ARCH-P033-CNNMN-M,KS Active Archive item sold by KALM Collective. Product code: P033. Colour: Cinnamon. Size: M. Route: /product/ks-active-panel-seamless-legging,529.00,goods,Inventory,true,Active,pcs,true,true,Product Sales,KS Active Archive stock transfer from K SENTWA T/A KS ACTIVE. Product code: P033.,149.35,Cost of Goods Sold,Inventory Asset,1,149.35,K SENTWA T/A KS ACTIVE,KS Active,P033,KS Active Archive,Cinnamon,M
KS Active Panel Seamless Legging - Hunter Green - M,KS-ARCH-P033-HUNGR-M,KS Active Archive item sold by KALM Collective. Product code: P033. Colour: Hunter Green. Size: M. Route: /product/ks-active-panel-seamless-legging,529.00,goods,Inventory,true,Active,pcs,true,true,Product Sales,KS Active Archive stock transfer from K SENTWA T/A KS ACTIVE. Product code: P033.,149.35,Cost of Goods Sold,Inventory Asset,1,149.35,K SENTWA T/A KS ACTIVE,KS Active,P033,KS Active Archive,Hunter Green,M
KS Active Panel Seamless Legging - Iron Gray - L,KS-ARCH-P033-IROGR-L,KS Active Archive item sold by KALM Collective. Product code: P033. Colour: Iron Gray. Size: L. Route: /product/ks-active-panel-seamless-legging,529.00,goods,Inventory,true,Active,pcs,true,true,Product Sales,KS Active Archive stock transfer from K SENTWA T/A KS ACTIVE. Product code: P033.,149.35,Cost of Goods Sold,Inventory Asset,1,149.35,K SENTWA T/A KS ACTIVE,KS Active,P033,KS Active Archive,Iron Gray,L
KS Active Panel Seamless Legging - Iron Gray - M,KS-ARCH-P033-IROGR-M,KS Active Archive item sold by KALM Collective. Product code: P033. Colour: Iron Gray. Size: M. Route: /product/ks-active-panel-seamless-legging,529.00,goods,Inventory,true,Active,pcs,true,true,Product Sales,KS Active Archive stock transfer from K SENTWA T/A KS ACTIVE. Product code: P033.,149.35,Cost of Goods Sold,Inventory Asset,1,149.35,K SENTWA T/A KS ACTIVE,KS Active,P033,KS Active Archive,Iron Gray,M
KS Active Panel Seamless Legging - Iron Gray - S,KS-ARCH-P033-IROGR-S,KS Active Archive item sold by KALM Collective. Product code: P033. Colour: Iron Gray. Size: S. Route: /product/ks-active-panel-seamless-legging,529.00,goods,Inventory,true,Active,pcs,true,true,Product Sales,KS Active Archive stock transfer from K SENTWA T/A KS ACTIVE. Product code: P033.,149.35,Cost of Goods Sold,Inventory Asset,1,149.35,K SENTWA T/A KS ACTIVE,KS Active,P033,KS Active Archive,Iron Gray,S
KS Active Panel Seamless Legging - Jungle Green - L,KS-ARCH-P033-JUNGR-L,KS Active Archive item sold by KALM Collective. Product code: P033. Colour: Jungle Green. Size: L. Route: /product/ks-active-panel-seamless-legging,529.00,goods,Inventory,true,Active,pcs,true,true,Product Sales,KS Active Archive stock transfer from K SENTWA T/A KS ACTIVE. Product code: P033.,149.35,Cost of Goods Sold,Inventory Asset,1,149.35,K SENTWA T/A KS ACTIVE,KS Active,P033,KS Active Archive,Jungle Green,L
KS Active Panel Seamless Legging - Jungle Green - M,KS-ARCH-P033-JUNGR-M,KS Active Archive item sold by KALM Collective. Product code: P033. Colour: Jungle Green. Size: M. Route: /product/ks-active-panel-seamless-legging,529.00,goods,Inventory,true,Active,pcs,true,true,Product Sales,KS Active Archive stock transfer from K SENTWA T/A KS ACTIVE. Product code: P033.,149.35,Cost of Goods Sold,Inventory Asset,1,149.35,K SENTWA T/A KS ACTIVE,KS Active,P033,KS Active Archive,Jungle Green,M
KS Active Panel Seamless Legging - Jungle Green - S,KS-ARCH-P033-JUNGR-S,KS Active Archive item sold by KALM Collective. Product code: P033. Colour: Jungle Green. Size: S. Route: /product/ks-active-panel-seamless-legging,529.00,goods,Inventory,true,Active,pcs,true,true,Product Sales,KS Active Archive stock transfer from K SENTWA T/A KS ACTIVE. Product code: P033.,149.35,Cost of Goods Sold,Inventory Asset,2,298.70,K SENTWA T/A KS ACTIVE,KS Active,P033,KS Active Archive,Jungle Green,S
KS Active Panel Seamless Legging - Mauve - M,KS-ARCH-P033-MVMAU-M,KS Active Archive item sold by KALM Collective. Product code: P033. Colour: Mauve. Size: M. Route: /product/ks-active-panel-seamless-legging,529.00,goods,Inventory,true,Active,pcs,true,true,Product Sales,KS Active Archive stock transfer from K SENTWA T/A KS ACTIVE. Product code: P033.,149.35,Cost of Goods Sold,Inventory Asset,1,149.35,K SENTWA T/A KS ACTIVE,KS Active,P033,KS Active Archive,Mauve,M
KS Active Panel Seamless Legging - Pine Green - L,KS-ARCH-P033-PINGR-L,KS Active Archive item sold by KALM Collective. Product code: P033. Colour: Pine Green. Size: L. Route: /product/ks-active-panel-seamless-legging,529.00,goods,Inventory,true,Active,pcs,true,true,Product Sales,KS Active Archive stock transfer from K SENTWA T/A KS ACTIVE. Product code: P033.,149.35,Cost of Goods Sold,Inventory Asset,3,448.05,K SENTWA T/A KS ACTIVE,KS Active,P033,KS Active Archive,Pine Green,L
KS Active Scrunch Seamless Legging - Imperial Red - L,KS-ARCH-P035-IMPRE-L,KS Active Archive item sold by KALM Collective. Product code: P035. Colour: Imperial Red. Size: L. Route: /product/ks-active-scrunch-seamless-legging,499.00,goods,Inventory,true,Active,pcs,true,true,Product Sales,KS Active Archive stock transfer from K SENTWA T/A KS ACTIVE. Product code: P035.,160.00,Cost of Goods Sold,Inventory Asset,1,160.00,K SENTWA T/A KS ACTIVE,KS Active,P035,KS Active Archive,Imperial Red,L
KS Active Scrunch Seamless Legging - Imperial Red - S,KS-ARCH-P035-IMPRE-S,KS Active Archive item sold by KALM Collective. Product code: P035. Colour: Imperial Red. Size: S. Route: /product/ks-active-scrunch-seamless-legging,499.00,goods,Inventory,true,Active,pcs,true,true,Product Sales,KS Active Archive stock transfer from K SENTWA T/A KS ACTIVE. Product code: P035.,160.00,Cost of Goods Sold,Inventory Asset,1,160.00,K SENTWA T/A KS ACTIVE,KS Active,P035,KS Active Archive,Imperial Red,S
KS Active Scrunch Seamless Legging - Peach Yellow - M,KS-ARCH-P035-PEAYE-M,KS Active Archive item sold by KALM Collective. Product code: P035. Colour: Peach Yellow. Size: M. Route: /product/ks-active-scrunch-seamless-legging,499.00,goods,Inventory,true,Active,pcs,true,true,Product Sales,KS Active Archive stock transfer from K SENTWA T/A KS ACTIVE. Product code: P035.,160.00,Cost of Goods Sold,Inventory Asset,1,160.00,K SENTWA T/A KS ACTIVE,KS Active,P035,KS Active Archive,Peach Yellow,M
KS Active Scrunch Seamless Legging - Pearl Gray - L,KS-ARCH-P035-PEAGR-L,KS Active Archive item sold by KALM Collective. Product code: P035. Colour: Pearl Gray. Size: L. Route: /product/ks-active-scrunch-seamless-legging,499.00,goods,Inventory,true,Active,pcs,true,true,Product Sales,KS Active Archive stock transfer from K SENTWA T/A KS ACTIVE. Product code: P035.,160.00,Cost of Goods Sold,Inventory Asset,1,160.00,K SENTWA T/A KS ACTIVE,KS Active,P035,KS Active Archive,Pearl Gray,L
KS Active Scrunch Seamless Legging - Pearl Gray - M,KS-ARCH-P035-PEAGR-M,KS Active Archive item sold by KALM Collective. Product code: P035. Colour: Pearl Gray. Size: M. Route: /product/ks-active-scrunch-seamless-legging,499.00,goods,Inventory,true,Active,pcs,true,true,Product Sales,KS Active Archive stock transfer from K SENTWA T/A KS ACTIVE. Product code: P035.,160.00,Cost of Goods Sold,Inventory Asset,1,160.00,K SENTWA T/A KS ACTIVE,KS Active,P035,KS Active Archive,Pearl Gray,M
KS Active Rib Contour Legging - Bright Green - S,KS-ARCH-P049-BRGRE-S,KS Active Archive item sold by KALM Collective. Product code: P049. Colour: Bright Green. Size: S. Route: /product/ks-active-rib-contour-legging,529.00,goods,Inventory,true,Active,pcs,true,true,Product Sales,KS Active Archive stock transfer from K SENTWA T/A KS ACTIVE. Product code: P049.,149.35,Cost of Goods Sold,Inventory Asset,1,149.35,K SENTWA T/A KS ACTIVE,KS Active,P049,KS Active Archive,Bright Green,S
KS Active Rib Contour Legging - White - M,KS-ARCH-P049-WHITE-M,KS Active Archive item sold by KALM Collective. Product code: P049. Colour: White. Size: M. Route: /product/ks-active-rib-contour-legging,529.00,goods,Inventory,true,Active,pcs,true,true,Product Sales,KS Active Archive stock transfer from K SENTWA T/A KS ACTIVE. Product code: P049.,149.35,Cost of Goods Sold,Inventory Asset,1,149.35,K SENTWA T/A KS ACTIVE,KS Active,P049,KS Active Archive,White,M
KS Active Rib Contour Legging - Peach Yellow - M,KS-ARCH-P049-PEAYEL-M,KS Active Archive item sold by KALM Collective. Product code: P049. Colour: Peach Yellow. Size: M. Route: /product/ks-active-rib-contour-legging,529.00,goods,Inventory,true,Active,pcs,true,true,Product Sales,KS Active Archive stock transfer from K SENTWA T/A KS ACTIVE. Product code: P049.,149.35,Cost of Goods Sold,Inventory Asset,1,149.35,K SENTWA T/A KS ACTIVE,KS Active,P049,KS Active Archive,Peach Yellow,M
KS Active Rib Contour Legging - Egyptian Blue - M,KS-ARCH-P049-EGYBLU-M,KS Active Archive item sold by KALM Collective. Product code: P049. Colour: Egyptian Blue. Size: M. Route: /product/ks-active-rib-contour-legging,529.00,goods,Inventory,true,Active,pcs,true,true,Product Sales,KS Active Archive stock transfer from K SENTWA T/A KS ACTIVE. Product code: P049.,149.35,Cost of Goods Sold,Inventory Asset,1,149.35,K SENTWA T/A KS ACTIVE,KS Active,P049,KS Active Archive,Egyptian Blue,M
KS Active Rib Contour Legging - Gray - M,KS-ARCH-P049-GRAY-M,KS Active Archive item sold by KALM Collective. Product code: P049. Colour: Gray. Size: M. Route: /product/ks-active-rib-contour-legging,529.00,goods,Inventory,true,Active,pcs,true,true,Product Sales,KS Active Archive stock transfer from K SENTWA T/A KS ACTIVE. Product code: P049.,149.35,Cost of Goods Sold,Inventory Asset,1,149.35,K SENTWA T/A KS ACTIVE,KS Active,P049,KS Active Archive,Gray,M
KS Active Rib Contour Legging - Red - M,KS-ARCH-P049-RED-M,KS Active Archive item sold by KALM Collective. Product code: P049. Colour: Red. Size: M. Route: /product/ks-active-rib-contour-legging,529.00,goods,Inventory,true,Active,pcs,true,true,Product Sales,KS Active Archive stock transfer from K SENTWA T/A KS ACTIVE. Product code: P049.,149.35,Cost of Goods Sold,Inventory Asset,2,298.70,K SENTWA T/A KS ACTIVE,KS Active,P049,KS Active Archive,Red,M
KS Active Racer Knit Bra - Dark Green - S,KS-ARCH-P050-DKGRN-S,KS Active Archive item sold by KALM Collective. Product code: P050. Colour: Dark Green. Size: S. Route: /product/ks-active-racer-knit-bra,399.00,goods,Inventory,true,Active,pcs,true,true,Product Sales,KS Active Archive stock transfer from K SENTWA T/A KS ACTIVE. Product code: P050.,149.35,Cost of Goods Sold,Inventory Asset,1,149.35,K SENTWA T/A KS ACTIVE,KS Active,P050,KS Active Archive,Dark Green,S
KS Active Racer Knit Bra - Espresso - M,KS-ARCH-P050-ESPRS-M,KS Active Archive item sold by KALM Collective. Product code: P050. Colour: Espresso. Size: M. Route: /product/ks-active-racer-knit-bra,399.00,goods,Inventory,true,Active,pcs,true,true,Product Sales,KS Active Archive stock transfer from K SENTWA T/A KS ACTIVE. Product code: P050.,149.35,Cost of Goods Sold,Inventory Asset,1,149.35,K SENTWA T/A KS ACTIVE,KS Active,P050,KS Active Archive,Espresso,M
KS Active Racer Knit Bra - Espresso - L,KS-ARCH-P050-ESPRS-L,KS Active Archive item sold by KALM Collective. Product code: P050. Colour: Espresso. Size: L. Route: /product/ks-active-racer-knit-bra,399.00,goods,Inventory,true,Active,pcs,true,true,Product Sales,KS Active Archive stock transfer from K SENTWA T/A KS ACTIVE. Product code: P050.,149.35,Cost of Goods Sold,Inventory Asset,1,149.35,K SENTWA T/A KS ACTIVE,KS Active,P050,KS Active Archive,Espresso,L
KS Active Racer Knit Bra - Iron Blue - S,KS-ARCH-P050-IRNBL-S,KS Active Archive item sold by KALM Collective. Product code: P050. Colour: Iron Blue. Size: S. Route: /product/ks-active-racer-knit-bra,399.00,goods,Inventory,true,Active,pcs,true,true,Product Sales,KS Active Archive stock transfer from K SENTWA T/A KS ACTIVE. Product code: P050.,149.35,Cost of Goods Sold,Inventory Asset,1,149.35,K SENTWA T/A KS ACTIVE,KS Active,P050,KS Active Archive,Iron Blue,S
KS Active Racer Knit Bra - Iron Blue - M,KS-ARCH-P050-IRNBL-M,KS Active Archive item sold by KALM Collective. Product code: P050. Colour: Iron Blue. Size: M. Route: /product/ks-active-racer-knit-bra,399.00,goods,Inventory,true,Active,pcs,true,true,Product Sales,KS Active Archive stock transfer from K SENTWA T/A KS ACTIVE. Product code: P050.,149.35,Cost of Goods Sold,Inventory Asset,1,149.35,K SENTWA T/A KS ACTIVE,KS Active,P050,KS Active Archive,Iron Blue,M
KS Active Racer Knit Bra - Iron Blue - L,KS-ARCH-P050-IRNBL-L,KS Active Archive item sold by KALM Collective. Product code: P050. Colour: Iron Blue. Size: L. Route: /product/ks-active-racer-knit-bra,399.00,goods,Inventory,true,Active,pcs,true,true,Product Sales,KS Active Archive stock transfer from K SENTWA T/A KS ACTIVE. Product code: P050.,149.35,Cost of Goods Sold,Inventory Asset,1,149.35,K SENTWA T/A KS ACTIVE,KS Active,P050,KS Active Archive,Iron Blue,L
KS Active Racer Knit Bra - Plum - M,KS-ARCH-P050-PLUM-M,KS Active Archive item sold by KALM Collective. Product code: P050. Colour: Plum. Size: M. Route: /product/ks-active-racer-knit-bra,399.00,goods,Inventory,true,Active,pcs,true,true,Product Sales,KS Active Archive stock transfer from K SENTWA T/A KS ACTIVE. Product code: P050.,149.35,Cost of Goods Sold,Inventory Asset,1,149.35,K SENTWA T/A KS ACTIVE,KS Active,P050,KS Active Archive,Plum,M
KS Active Racer Knit Bra - Plum - L,KS-ARCH-P050-PLUM-L,KS Active Archive item sold by KALM Collective. Product code: P050. Colour: Plum. Size: L. Route: /product/ks-active-racer-knit-bra,399.00,goods,Inventory,true,Active,pcs,true,true,Product Sales,KS Active Archive stock transfer from K SENTWA T/A KS ACTIVE. Product code: P050.,149.35,Cost of Goods Sold,Inventory Asset,1,149.35,K SENTWA T/A KS ACTIVE,KS Active,P050,KS Active Archive,Plum,L
KS Active Racer Knit Bra - Violet - S,KS-ARCH-P050-VIOLT-S,KS Active Archive item sold by KALM Collective. Product code: P050. Colour: Violet. Size: S. Route: /product/ks-active-racer-knit-bra,399.00,goods,Inventory,true,Active,pcs,true,true,Product Sales,KS Active Archive stock transfer from K SENTWA T/A KS ACTIVE. Product code: P050.,149.35,Cost of Goods Sold,Inventory Asset,1,149.35,K SENTWA T/A KS ACTIVE,KS Active,P050,KS Active Archive,Violet,S
KS Active Racer Knit Bra - Violet - M,KS-ARCH-P050-VIOLT-M,KS Active Archive item sold by KALM Collective. Product code: P050. Colour: Violet. Size: M. Route: /product/ks-active-racer-knit-bra,399.00,goods,Inventory,true,Active,pcs,true,true,Product Sales,KS Active Archive stock transfer from K SENTWA T/A KS ACTIVE. Product code: P050.,149.35,Cost of Goods Sold,Inventory Asset,1,149.35,K SENTWA T/A KS ACTIVE,KS Active,P050,KS Active Archive,Violet,M
KS Active Racer Knit Bra - Violet - L,KS-ARCH-P050-VIOLT-L,KS Active Archive item sold by KALM Collective. Product code: P050. Colour: Violet. Size: L. Route: /product/ks-active-racer-knit-bra,399.00,goods,Inventory,true,Active,pcs,true,true,Product Sales,KS Active Archive stock transfer from K SENTWA T/A KS ACTIVE. Product code: P050.,149.35,Cost of Goods Sold,Inventory Asset,1,149.35,K SENTWA T/A KS ACTIVE,KS Active,P050,KS Active Archive,Violet,L
