SKU,Item Name,Opening Stock,Opening Stock Value,Purchase Rate,Vendor,Brand,Category
KS-ARCH-P002-ARMGR-L,KS Active Halter Back Romper - Army Green - L,1,220.00,220.00,K SENTWA T/A KS ACTIVE,KS Active,KS Active Archive
KS-ARCH-P002-ARMGR-M,KS Active Halter Back Romper - Army Green - M,1,220.00,220.00,K SENTWA T/A KS ACTIVE,KS Active,KS Active Archive
KS-ARCH-P002-ARMGR-S,KS Active Halter Back Romper - Army Green - S,1,220.00,220.00,K SENTWA T/A KS ACTIVE,KS Active,KS Active Archive
KS-ARCH-P002-EGYBL-M,KS Active Halter Back Romper - Egyptian Blue - M,2,440.00,220.00,K SENTWA T/A KS ACTIVE,KS Active,KS Active Archive
KS-ARCH-P002-ELEVI-M,KS Active Halter Back Romper - Electric Violet - M,1,220.00,220.00,K SENTWA T/A KS ACTIVE,KS Active,KS Active Archive
KS-ARCH-P002-ELEVI-S,KS Active Halter Back Romper - Electric Violet - S,1,220.00,220.00,K SENTWA T/A KS ACTIVE,KS Active,KS Active Archive
KS-ARCH-P002-IMPRE-M,KS Active Halter Back Romper - Imperial Red - M,1,220.00,220.00,K SENTWA T/A KS ACTIVE,KS Active,KS Active Archive
KS-ARCH-P002-IMPRE-S,KS Active Halter Back Romper - Imperial Red - S,1,220.00,220.00,K SENTWA T/A KS ACTIVE,KS Active,KS Active Archive
KS-ARCH-P002-MIDBL-L,KS Active Halter Back Romper - Midnight Black - L,1,220.00,220.00,K SENTWA T/A KS ACTIVE,KS Active,KS Active Archive
KS-ARCH-P002-MIDBL-M,KS Active Halter Back Romper - Midnight Black - M,1,220.00,220.00,K SENTWA T/A KS ACTIVE,KS Active,KS Active Archive
KS-ARCH-P003-ASHGR-L,KS Active Rib Scrunch Legging - Ash Gray - L,1,160.00,160.00,K SENTWA T/A KS ACTIVE,KS Active,KS Active Archive
KS-ARCH-P003-ASHGR-M,KS Active Rib Scrunch Legging - Ash Gray - M,1,160.00,160.00,K SENTWA T/A KS ACTIVE,KS Active,KS Active Archive
KS-ARCH-P003-ASHGR-S,KS Active Rib Scrunch Legging - Ash Gray - S,1,160.00,160.00,K SENTWA T/A KS ACTIVE,KS Active,KS Active Archive
KS-ARCH-P003-BLCKB-L,KS Active Rib Scrunch Legging - Black - L,1,160.00,160.00,K SENTWA T/A KS ACTIVE,KS Active,KS Active Archive
KS-ARCH-P003-BLCKB-M,KS Active Rib Scrunch Legging - Black - S,1,160.00,160.00,K SENTWA T/A KS ACTIVE,KS Active,KS Active Archive
KS-ARCH-P003-CHSTN-L,KS Active Rib Scrunch Legging - Chestnut - L,1,160.00,160.00,K SENTWA T/A KS ACTIVE,KS Active,KS Active Archive
KS-ARCH-P003-CHSTN-M,KS Active Rib Scrunch Legging - Chestnut - M,1,160.00,160.00,K SENTWA T/A KS ACTIVE,KS Active,KS Active Archive
KS-ARCH-P003-FRERO-L,KS Active Rib Scrunch Legging - French Rose - L,1,160.00,160.00,K SENTWA T/A KS ACTIVE,KS Active,KS Active Archive
KS-ARCH-P003-FRERO-M,KS Active Rib Scrunch Legging - French Rose - M,2,320.00,160.00,K SENTWA T/A KS ACTIVE,KS Active,KS Active Archive
KS-ARCH-P003-SKYBL-L,KS Active Rib Scrunch Legging - Sky Blue - L,1,160.00,160.00,K SENTWA T/A KS ACTIVE,KS Active,KS Active Archive
KS-ARCH-P003-SKYBL-M,KS Active Rib Scrunch Legging - Sky Blue - M,1,160.00,160.00,K SENTWA T/A KS ACTIVE,KS Active,KS Active Archive
KS-ARCH-P003-SKYBL-S,KS Active Rib Scrunch Legging - Sky Blue - S,1,160.00,160.00,K SENTWA T/A KS ACTIVE,KS Active,KS Active Archive
KS-ARCH-P010-IMPRE-L,KS Active Cutout Crossback Bra - Imperial Red - L,1,130.00,130.00,K SENTWA T/A KS ACTIVE,KS Active,KS Active Archive
KS-ARCH-P010-IMPRE-S,KS Active Cutout Crossback Bra - Imperial Red - S,1,130.00,130.00,K SENTWA T/A KS ACTIVE,KS Active,KS Active Archive
KS-ARCH-P010-PEAYE-M,KS Active Cutout Crossback Bra - Peach Yellow - M,1,130.00,130.00,K SENTWA T/A KS ACTIVE,KS Active,KS Active Archive
KS-ARCH-P010-PEAYE-S,KS Active Cutout Crossback Bra - Peach Yellow - S,1,130.00,130.00,K SENTWA T/A KS ACTIVE,KS Active,KS Active Archive
KS-ARCH-P010-PEAGR-M,KS Active Cutout Crossback Bra - Pearl Gray - M,1,130.00,130.00,K SENTWA T/A KS ACTIVE,KS Active,KS Active Archive
KS-ARCH-P010-PEAGR-S,KS Active Cutout Crossback Bra - Pearl Gray - S,1,130.00,130.00,K SENTWA T/A KS ACTIVE,KS Active,KS Active Archive
KS-ARCH-P012-EGYBL-L,KS Active Scrunch Seamless Short - Egyptian Blue - L,1,130.00,130.00,K SENTWA T/A KS ACTIVE,KS Active,KS Active Archive
KS-ARCH-P012-EGYBL-M,KS Active Scrunch Seamless Short - Egyptian Blue - M,1,130.00,130.00,K SENTWA T/A KS ACTIVE,KS Active,KS Active Archive
KS-ARCH-P012-IMPRE-L,KS Active Scrunch Seamless Short - Imperial Red - L,1,130.00,130.00,K SENTWA T/A KS ACTIVE,KS Active,KS Active Archive
KS-ARCH-P012-IMPRE-S,KS Active Scrunch Seamless Short - Imperial Red - S,1,130.00,130.00,K SENTWA T/A KS ACTIVE,KS Active,KS Active Archive
KS-ARCH-P012-PEAYE-L,KS Active Scrunch Seamless Short - Peach Yellow - L,1,130.00,130.00,K SENTWA T/A KS ACTIVE,KS Active,KS Active Archive
KS-ARCH-P012-PEAYE-M,KS Active Scrunch Seamless Short - Peach Yellow - M,1,130.00,130.00,K SENTWA T/A KS ACTIVE,KS Active,KS Active Archive
KS-ARCH-P012-PEAYE-S,KS Active Scrunch Seamless Short - Peach Yellow - S,1,130.00,130.00,K SENTWA T/A KS ACTIVE,KS Active,KS Active Archive
KS-ARCH-P012-PEAGR-S,KS Active Scrunch Seamless Short - Pearl Gray - S,1,130.00,130.00,K SENTWA T/A KS ACTIVE,KS Active,KS Active Archive
KS-ARCH-P019-BLCKB-L,KS Active Cutout Seamless Bra - Black - L,1,130.00,130.00,K SENTWA T/A KS ACTIVE,KS Active,KS Active Archive
KS-ARCH-P019-BLCKB-S,KS Active Cutout Seamless Bra - Black - S,1,130.00,130.00,K SENTWA T/A KS ACTIVE,KS Active,KS Active Archive
KS-ARCH-P019-DESGO-L,KS Active Cutout Seamless Bra - Desert Gold - L,1,130.00,130.00,K SENTWA T/A KS ACTIVE,KS Active,KS Active Archive
KS-ARCH-P019-DESGO-M,KS Active Cutout Seamless Bra - Desert Gold - M,1,130.00,130.00,K SENTWA T/A KS ACTIVE,KS Active,KS Active Archive
KS-ARCH-P019-DESGO-S,KS Active Cutout Seamless Bra - Desert Gold - S,1,130.00,130.00,K SENTWA T/A KS ACTIVE,KS Active,KS Active Archive
KS-ARCH-P019-STLST-S,KS Active Cutout Seamless Bra - Steel - S,1,130.00,130.00,K SENTWA T/A KS ACTIVE,KS Active,KS Active Archive
KS-ARCH-P020-APRCT-L,KS Active Crossback Seamless Bra - Apricot - L,1,160.00,160.00,K SENTWA T/A KS ACTIVE,KS Active,KS Active Archive
KS-ARCH-P020-APRCT-M,KS Active Crossback Seamless Bra - Apricot - M,1,160.00,160.00,K SENTWA T/A KS ACTIVE,KS Active,KS Active Archive
KS-ARCH-P020-APRCT-S,KS Active Crossback Seamless Bra - Apricot - S,1,160.00,160.00,K SENTWA T/A KS ACTIVE,KS Active,KS Active Archive
KS-ARCH-P020-EGYBL-L,KS Active Crossback Seamless Bra - Egyptian Blue - L,1,160.00,160.00,K SENTWA T/A KS ACTIVE,KS Active,KS Active Archive
KS-ARCH-P020-EGYBL-M,KS Active Crossback Seamless Bra - Egyptian Blue - M,1,160.00,160.00,K SENTWA T/A KS ACTIVE,KS Active,KS Active Archive
KS-ARCH-P020-EGYBL-S,KS Active Crossback Seamless Bra - Egyptian Blue - S,1,160.00,160.00,K SENTWA T/A KS ACTIVE,KS Active,KS Active Archive
KS-ARCH-P020-PCHPE-L,KS Active Crossback Seamless Bra - Peach - L,1,160.00,160.00,K SENTWA T/A KS ACTIVE,KS Active,KS Active Archive
KS-ARCH-P020-PCHPE-M,KS Active Crossback Seamless Bra - Peach - M,1,160.00,160.00,K SENTWA T/A KS ACTIVE,KS Active,KS Active Archive
KS-ARCH-P020-PCHPE-S,KS Active Crossback Seamless Bra - Peach - S,1,160.00,160.00,K SENTWA T/A KS ACTIVE,KS Active,KS Active Archive
KS-ARCH-P020-SPPHR-L,KS Active Crossback Seamless Bra - Sapphire - L,1,160.00,160.00,K SENTWA T/A KS ACTIVE,KS Active,KS Active Archive
KS-ARCH-P020-SPPHR-M,KS Active Crossback Seamless Bra - Sapphire - M,1,160.00,160.00,K SENTWA T/A KS ACTIVE,KS Active,KS Active Archive
KS-ARCH-P020-SPPHR-S,KS Active Crossback Seamless Bra - Sapphire - S,1,160.00,160.00,K SENTWA T/A KS ACTIVE,KS Active,KS Active Archive
KS-ARCH-P026-ELEVI-M,KS Active High-Waist Seamless Short - Electric Violet - M,1,100.00,100.00,K SENTWA T/A KS ACTIVE,KS Active,KS Active Archive
KS-ARCH-P026-FLMNG-S,KS Active High-Waist Seamless Short - Flamingo - S,1,100.00,100.00,K SENTWA T/A KS ACTIVE,KS Active,KS Active Archive
KS-ARCH-P026-TRUPU-M,KS Active High-Waist Seamless Short - True Purple - M,1,100.00,100.00,K SENTWA T/A KS ACTIVE,KS Active,KS Active Archive
KS-ARCH-P027-ESPRS-L,KS Active Curve Seam Legging - Espresso - L,2,298.70,149.35,K SENTWA T/A KS ACTIVE,KS Active,KS Active Archive
KS-ARCH-P027-ESPRS-M,KS Active Curve Seam Legging - Espresso - M,1,149.35,149.35,K SENTWA T/A KS ACTIVE,KS Active,KS Active Archive
KS-ARCH-P027-FORGR-M,KS Active Curve Seam Legging - Forest Green - M,1,149.35,149.35,K SENTWA T/A KS ACTIVE,KS Active,KS Active Archive
KS-ARCH-P027-FORGR-S,KS Active Curve Seam Legging - Forest Green - S,1,149.35,149.35,K SENTWA T/A KS ACTIVE,KS Active,KS Active Archive
KS-ARCH-P027-OLVOL-M,KS Active Curve Seam Legging - Olive - M,1,149.35,149.35,K SENTWA T/A KS ACTIVE,KS Active,KS Active Archive
KS-ARCH-P027-OLVOL-S,KS Active Curve Seam Legging - Olive - S,1,149.35,149.35,K SENTWA T/A KS ACTIVE,KS Active,KS Active Archive
KS-ARCH-P028-ELEVI-S,KS Active High-Waist Seamless Legging - Electric Violet - S,1,140.00,140.00,K SENTWA T/A KS ACTIVE,KS Active,KS Active Archive
KS-ARCH-P028-TRUPU-S,KS Active High-Waist Seamless Legging - True Purple - S,1,140.00,140.00,K SENTWA T/A KS ACTIVE,KS Active,KS Active Archive
KS-ARCH-P030-BLCKB-L,KS Active Crisscross Back Bra - Black - L,1,120.00,120.00,K SENTWA T/A KS ACTIVE,KS Active,KS Active Archive
KS-ARCH-P030-TRUPU-S,KS Active Crisscross Back Bra - True Purple - S,1,120.00,120.00,K SENTWA T/A KS ACTIVE,KS Active,KS Active Archive
KS-ARCH-P033-AZUBL-L,KS Active Panel Seamless Legging - Azure Blue - L,1,149.35,149.35,K SENTWA T/A KS ACTIVE,KS Active,KS Active Archive
KS-ARCH-P033-AZUBL-M,KS Active Panel Seamless Legging - Azure Blue - M,1,149.35,149.35,K SENTWA T/A KS ACTIVE,KS Active,KS Active Archive
KS-ARCH-P033-AZUBL-S,KS Active Panel Seamless Legging - Azure Blue - S,1,149.35,149.35,K SENTWA T/A KS ACTIVE,KS Active,KS Active Archive
KS-ARCH-P033-BYZVI-L,KS Active Panel Seamless Legging - Byzantine Violet - L,1,149.35,149.35,K SENTWA T/A KS ACTIVE,KS Active,KS Active Archive
KS-ARCH-P033-BYZVI-M,KS Active Panel Seamless Legging - Byzantine Violet - M,1,149.35,149.35,K SENTWA T/A KS ACTIVE,KS Active,KS Active Archive
KS-ARCH-P033-CNNMN-M,KS Active Panel Seamless Legging - Cinnamon - M,1,149.35,149.35,K SENTWA T/A KS ACTIVE,KS Active,KS Active Archive
KS-ARCH-P033-HUNGR-M,KS Active Panel Seamless Legging - Hunter Green - M,1,149.35,149.35,K SENTWA T/A KS ACTIVE,KS Active,KS Active Archive
KS-ARCH-P033-IROGR-L,KS Active Panel Seamless Legging - Iron Gray - L,1,149.35,149.35,K SENTWA T/A KS ACTIVE,KS Active,KS Active Archive
KS-ARCH-P033-IROGR-M,KS Active Panel Seamless Legging - Iron Gray - M,1,149.35,149.35,K SENTWA T/A KS ACTIVE,KS Active,KS Active Archive
KS-ARCH-P033-IROGR-S,KS Active Panel Seamless Legging - Iron Gray - S,1,149.35,149.35,K SENTWA T/A KS ACTIVE,KS Active,KS Active Archive
KS-ARCH-P033-JUNGR-L,KS Active Panel Seamless Legging - Jungle Green - L,1,149.35,149.35,K SENTWA T/A KS ACTIVE,KS Active,KS Active Archive
KS-ARCH-P033-JUNGR-M,KS Active Panel Seamless Legging - Jungle Green - M,1,149.35,149.35,K SENTWA T/A KS ACTIVE,KS Active,KS Active Archive
KS-ARCH-P033-JUNGR-S,KS Active Panel Seamless Legging - Jungle Green - S,2,298.70,149.35,K SENTWA T/A KS ACTIVE,KS Active,KS Active Archive
KS-ARCH-P033-MVMAU-M,KS Active Panel Seamless Legging - Mauve - M,1,149.35,149.35,K SENTWA T/A KS ACTIVE,KS Active,KS Active Archive
KS-ARCH-P033-PINGR-L,KS Active Panel Seamless Legging - Pine Green - L,3,448.05,149.35,K SENTWA T/A KS ACTIVE,KS Active,KS Active Archive
KS-ARCH-P035-IMPRE-L,KS Active Scrunch Seamless Legging - Imperial Red - L,1,160.00,160.00,K SENTWA T/A KS ACTIVE,KS Active,KS Active Archive
KS-ARCH-P035-IMPRE-S,KS Active Scrunch Seamless Legging - Imperial Red - S,1,160.00,160.00,K SENTWA T/A KS ACTIVE,KS Active,KS Active Archive
KS-ARCH-P035-PEAYE-M,KS Active Scrunch Seamless Legging - Peach Yellow - M,1,160.00,160.00,K SENTWA T/A KS ACTIVE,KS Active,KS Active Archive
KS-ARCH-P035-PEAGR-L,KS Active Scrunch Seamless Legging - Pearl Gray - L,1,160.00,160.00,K SENTWA T/A KS ACTIVE,KS Active,KS Active Archive
KS-ARCH-P035-PEAGR-M,KS Active Scrunch Seamless Legging - Pearl Gray - M,1,160.00,160.00,K SENTWA T/A KS ACTIVE,KS Active,KS Active Archive
KS-ARCH-P049-BRGRE-S,KS Active Rib Contour Legging - Bright Green - S,1,149.35,149.35,K SENTWA T/A KS ACTIVE,KS Active,KS Active Archive
KS-ARCH-P049-WHITE-M,KS Active Rib Contour Legging - White - M,1,149.35,149.35,K SENTWA T/A KS ACTIVE,KS Active,KS Active Archive
KS-ARCH-P049-PEAYEL-M,KS Active Rib Contour Legging - Peach Yellow - M,1,149.35,149.35,K SENTWA T/A KS ACTIVE,KS Active,KS Active Archive
KS-ARCH-P049-EGYBLU-M,KS Active Rib Contour Legging - Egyptian Blue - M,1,149.35,149.35,K SENTWA T/A KS ACTIVE,KS Active,KS Active Archive
KS-ARCH-P049-GRAY-M,KS Active Rib Contour Legging - Gray - M,1,149.35,149.35,K SENTWA T/A KS ACTIVE,KS Active,KS Active Archive
KS-ARCH-P049-RED-M,KS Active Rib Contour Legging - Red - M,2,298.70,149.35,K SENTWA T/A KS ACTIVE,KS Active,KS Active Archive
KS-ARCH-P050-DKGRN-S,KS Active Racer Knit Bra - Dark Green - S,1,149.35,149.35,K SENTWA T/A KS ACTIVE,KS Active,KS Active Archive
KS-ARCH-P050-ESPRS-M,KS Active Racer Knit Bra - Espresso - M,1,149.35,149.35,K SENTWA T/A KS ACTIVE,KS Active,KS Active Archive
KS-ARCH-P050-ESPRS-L,KS Active Racer Knit Bra - Espresso - L,1,149.35,149.35,K SENTWA T/A KS ACTIVE,KS Active,KS Active Archive
KS-ARCH-P050-IRNBL-S,KS Active Racer Knit Bra - Iron Blue - S,1,149.35,149.35,K SENTWA T/A KS ACTIVE,KS Active,KS Active Archive
KS-ARCH-P050-IRNBL-M,KS Active Racer Knit Bra - Iron Blue - M,1,149.35,149.35,K SENTWA T/A KS ACTIVE,KS Active,KS Active Archive
KS-ARCH-P050-IRNBL-L,KS Active Racer Knit Bra - Iron Blue - L,1,149.35,149.35,K SENTWA T/A KS ACTIVE,KS Active,KS Active Archive
KS-ARCH-P050-PLUM-M,KS Active Racer Knit Bra - Plum - M,1,149.35,149.35,K SENTWA T/A KS ACTIVE,KS Active,KS Active Archive
KS-ARCH-P050-PLUM-L,KS Active Racer Knit Bra - Plum - L,1,149.35,149.35,K SENTWA T/A KS ACTIVE,KS Active,KS Active Archive
KS-ARCH-P050-VIOLT-S,KS Active Racer Knit Bra - Violet - S,1,149.35,149.35,K SENTWA T/A KS ACTIVE,KS Active,KS Active Archive
KS-ARCH-P050-VIOLT-M,KS Active Racer Knit Bra - Violet - M,1,149.35,149.35,K SENTWA T/A KS ACTIVE,KS Active,KS Active Archive
KS-ARCH-P050-VIOLT-L,KS Active Racer Knit Bra - Violet - L,1,149.35,149.35,K SENTWA T/A KS ACTIVE,KS Active,KS Active Archive
